OrderID,OrderDate,Year,Region,Category,SalesAmount,Quantity,Channel,CustomerID
ORD100000,2025-10-16,2025.0,South,Home & Kitchen,3716.31,19.0,online,CUST1047
ORD100001,2024-08-11,2024.0,SOUTH,Home & Kitchen,2126.62,9.0,Online,CUST1081
ORD100002,2025-12-15,2025.0,,Fashion,1930.64,12.0,,CUST1022
ORD100003,2026-01-17,2026.0,North,electronics ,3161.77,12.0,,CUST1035
ORD100004,2024-02-16,2024.0,,Home,1931.62,12.0,Marketplace,CUST1107
ORD100005,2025-11-17,2025.0,north,Home & Kitchen,3659.18,13.0,Retail,CUST1285
ORD100006,2024-08-12,2024.0,South,,,9.0,Online,CUST1290
ORD100007,2026-01-05,2026.0,SOUTH,Grocery,741.17,18.0,Retail,CUST1219
ORD100008,2025-08-20,2025.0,north,Grocery,283.23,6.0,online,CUST1197
ORD100009,2025-01-25,2025.0,north,,3417.4,18.0,Retail,CUST1174
ORD100010,2024-04-24,,SOUTH,Home & Kitchen,2527.9,4.0,Retail,CUST1259
ORD100011,2025-09-15,2025.0,,electronics ,3014.78,4.0,Retail,CUST1157
ORD100012,2024-09-02,2024.0,North,Home & Kitchen,392.6,5.0,Marketplace,CUST1281
ORD100013,2024-06-18,2024.0,South,electronics ,3464.84,13.0,Retail,CUST1264
ORD100014,2025-04-07,2025.0,north,electronics ,1140.08,2.0,Marketplace,CUST1016
ORD100015,2026-05-30,2026.0,West,Home,3630.6,19.0,online,CUST1242
ORD100016,2026-04-06,2026.0,East,Grocery,4325.99,4.0,Online,CUST1173
ORD100017,2026-03-30,2026.0,West,Home,1428.8,3.0,online,CUST1281
ORD100018,2024-04-10,2024.0,North,,873.24,7.0,online,CUST1084
,2025-01-23,2025.0,,Grocery,3498.13,18.0,online,CUST1151
ORD100020,2024-08-10,2024.0,SOUTH,Fashion,2941.68,17.0,Marketplace,CUST1260
ORD100021,2024-03-23,2024.0,,Home,4710.9,19.0,,CUST1041
ORD100022,2025-03-05,2025.0,East,Home,1605.21,5.0,Retail,CUST1037
ORD100023,2024-01-10,2024.0,North,electronics ,1362.74,3.0,Marketplace,CUST1080
ORD100024,2025-03-24,2025.0,,Home & Kitchen,3355.92,4.0,Marketplace,CUST1054
ORD100025,2026-01-30,2026.0,SOUTH,Fashion,3189.48,16.0,Retail,CUST1026
ORD100026,2024-04-04,2024.0,East,,4900.0,15.0,,CUST1287
ORD100027,2024-01-10,2024.0,South,electronics ,,18.0,Marketplace,CUST1021
ORD100028,2024-11-11,2024.0,North,Fashion,1285.17,18.0,online,CUST1079
ORD100029,2024-08-30,2024.0,West,Electronics,N/A,14.0,Marketplace,CUST1055
ORD100030,2025-01-26,2025.0,,Grocery,4111.66,8.0,Online,CUST1204
ORD100031,2024-12-02,2024.0,East,Home & Kitchen,3413.61,11.0,Online,CUST1133
ORD100032,2024-07-01,2024.0,north,Grocery,3942.82,17.0,Online,CUST1295
ORD100033,2024-07-13,,,electronics ,4704.3,7.0,Retail,CUST1169
ORD100034,2025-09-30,2025.0,East,electronics ,2071.54,10.0,,CUST1215
ORD100035,2025-11-11,2025.0,north,electronics ,2762.29,,Retail,CUST1296
ORD100036,2025-09-13,2025.0,South,electronics ,4510.85,6.0,Online,CUST1171
ORD100037,2024-04-05,2024.0,South,,170.91,16.0,,CUST1037
ORD100038,2025-04-11,2025.0,SOUTH,Grocery,1257.72,1.0,Online,CUST1112
ORD100039,2024-06-29,2024.0,north,Home,650.73,15.0,,CUST1162
ORD100040,2026-02-12,2026.0,north,Grocery,2761.97,16.0,online,CUST1126
ORD100041,2026-05-10,2026.0,SOUTH,Home,433.54,9.0,Retail,CUST1276
ORD100042,2024-03-23,2024.0,SOUTH,Home,2067.62,14.0,Online,CUST1215
ORD100043,2025-02-02,2025.0,,,2411.05,10.0,online,CUST1214
ORD100044,2025-07-05,2025.0,South,Grocery,2207.39,,Retail,CUST1207
ORD100045,2026-01-11,2026.0,north,electronics ,,19.0,Online,CUST1219
ORD100046,2024-05-18,2024.0,East,Home,1720.63,9.0,online,CUST1041
,2025-04-26,2025.0,East,Home,3917.1,1.0,Marketplace,CUST1010
ORD100048,2025-09-28,2025.0,north,Home,1318.41,20.0,,CUST1058
ORD100049,2026-03-07,2026.0,North,Fashion,4544.73,7.0,Online,CUST1124
ORD100050,2024-04-14,2024.0,,Electronics,2851.37,18.0,online,CUST1035
ORD100051,,2025.0,West,Electronics,1842.83,15.0,Marketplace,CUST1267
ORD100052,2025-10-28,2025.0,West,Grocery,3668.58,8.0,Online,CUST1230
ORD100053,2024-09-06,2024.0,East,Electronics,1658.82,12.0,Retail,CUST1141
,2025-07-23,2025.0,SOUTH,Grocery,3802.92,16.0,online,CUST1047
ORD100055,2024-10-28,2024.0,north,Fashion,2678.06,18.0,Retail,CUST1232
ORD100056,2024-10-04,2024.0,East,Electronics,N/A,7.0,Marketplace,CUST1141
ORD100057,2026-01-11,2026.0,North,,1176.04,1.0,,CUST1023
ORD100058,2024-02-25,2024.0,,,4369.96,16.0,online,CUST1094
ORD100059,2024-02-22,2024.0,North,Grocery,2906.25,5.0,Marketplace,CUST1155
ORD100060,2024-03-28,2024.0,north,electronics ,1167.15,15.0,online,CUST1219
ORD100061,2024-11-08,2024.0,North,,1094.57,6.0,Marketplace,CUST1038
,2024-06-09,2024.0,East,Electronics,3549.43,15.0,Online,CUST1135
ORD100063,2026-03-17,2026.0,South,Grocery,1162.81,9.0,Marketplace,CUST1084
ORD100064,2026-03-22,2026.0,East,Grocery,3458.96,9.0,,CUST1224
ORD100065,2024-03-23,2024.0,north,Fashion,N/A,19.0,,CUST1137
ORD100066,2025-08-13,2025.0,SOUTH,Grocery,948.37,16.0,Online,CUST1209
ORD100067,2024-12-07,2024.0,West,Home & Kitchen,3329.79,18.0,Online,CUST1161
ORD100068,2024-09-15,2024.0,north,,3305.42,14.0,Online,CUST1185
ORD100069,2025-09-29,2025.0,South,Fashion,4641.98,16.0,Online,
ORD100070,2025-10-07,2025.0,north,Electronics,N/A,4.0,online,CUST1078
ORD100071,2025-05-25,2025.0,West,,2387.49,5.0,online,CUST1260
ORD100072,2026-02-03,2026.0,,,4674.53,1.0,Retail,CUST1300
ORD100073,2025-08-16,2025.0,north,Grocery,2781.99,15.0,Retail,CUST1122
ORD100074,2025-08-08,2025.0,East,Home & Kitchen,4571.48,5.0,online,CUST1064
ORD100075,2025-05-29,2025.0,,Grocery,4556.69,,Marketplace,CUST1079
ORD100076,2024-03-17,2024.0,SOUTH,Grocery,4266.24,18.0,online,CUST1249
ORD100077,2025-07-08,2025.0,East,Home,2198.16,4.0,online,CUST1153
ORD100078,2024-01-30,2024.0,East,Grocery,2679.27,6.0,Marketplace,CUST1195
ORD100079,2025-09-26,2025.0,South,Grocery,2324.87,15.0,Retail,CUST1080
ORD100080,2024-03-16,2024.0,SOUTH,Grocery,2311.34,13.0,online,CUST1195
ORD100081,2025-08-08,2025.0,North,,1408.68,2.0,,CUST1146
ORD100082,2026-03-05,2026.0,SOUTH,Home,3404.93,5.0,Online,CUST1020
ORD100083,2024-11-12,2024.0,South,Electronics,1667.26,7.0,Marketplace,CUST1187
ORD100084,2025-06-27,2025.0,,Grocery,1510.95,4.0,online,CUST1072
ORD100085,2026-02-11,2026.0,West,,1860.59,1.0,Retail,CUST1232
ORD100086,2025-01-12,2025.0,,Home & Kitchen,586.31,1.0,,CUST1287
ORD100087,2024-12-01,2024.0,,Grocery,1545.84,5.0,Online,CUST1155
ORD100088,2025-05-19,2025.0,West,Grocery,4749.43,18.0,online,CUST1079
ORD100089,2025-02-28,2025.0,East,Electronics,1125.48,8.0,Retail,CUST1188
ORD100090,2025-07-11,2025.0,East,Home,4747.6,3.0,Marketplace,CUST1010
ORD100091,2024-02-21,2024.0,north,Home,3837.53,7.0,Marketplace,CUST1075
ORD100092,,2026.0,South,Home,4002.64,1.0,Marketplace,
ORD100093,2026-03-19,,East,Electronics,2133.75,3.0,online,CUST1185
ORD100094,2025-06-09,2025.0,north,Electronics,4548.32,10.0,online,CUST1015
ORD100095,2024-03-03,2024.0,North,Grocery,2245.63,11.0,,CUST1064
ORD100096,2024-10-08,2024.0,West,electronics ,2295.89,4.0,Online,CUST1282
ORD100097,2026-01-08,2026.0,West,Fashion,2023.71,11.0,online,CUST1130
ORD100098,2025-01-18,2025.0,North,,2187.79,12.0,Marketplace,CUST1300
ORD100099,2025-07-29,2025.0,,Home & Kitchen,N/A,2.0,Retail,CUST1180
ORD100100,2024-04-16,2024.0,South,,4234.6,9.0,,CUST1219
ORD100101,2026-05-15,2026.0,SOUTH,Home & Kitchen,3064.52,9.0,Online,CUST1158
ORD100102,2024-12-13,2024.0,SOUTH,Grocery,3717.8,3.0,,CUST1214
ORD100103,2025-04-09,2025.0,,electronics ,4422.54,20.0,Online,CUST1139
ORD100104,2025-03-29,2025.0,East,Home,613.4,10.0,,CUST1157
ORD100105,2024-02-16,2024.0,South,Fashion,3848.38,10.0,Retail,CUST1254
ORD100106,2026-02-03,2026.0,South,electronics ,3356.84,13.0,Online,CUST1235
ORD100107,2024-03-20,2024.0,SOUTH,Home & Kitchen,620.11,,Retail,CUST1235
ORD100108,2026-05-01,2026.0,North,Home,2032.23,10.0,Retail,CUST1086
ORD100109,2024-03-19,2024.0,,Fashion,4793.21,5.0,Marketplace,CUST1131
ORD100110,2024-07-21,2024.0,North,Home,3158.35,19.0,,CUST1289
ORD100111,2025-10-20,2025.0,SOUTH,Fashion,388.02,10.0,Retail,CUST1180
ORD100112,2025-06-03,2025.0,East,,3241.1,3.0,,CUST1196
ORD100113,2025-04-18,2025.0,North,Grocery,2879.7,20.0,online,CUST1031
ORD100114,2025-04-06,2025.0,SOUTH,Electronics,904.17,15.0,online,CUST1081
ORD100115,2025-01-07,2025.0,East,Home & Kitchen,3956.67,3.0,Retail,CUST1197
ORD100116,2024-10-17,2024.0,north,,453.43,12.0,Retail,CUST1200
ORD100117,2024-05-12,2024.0,West,Home & Kitchen,4075.26,17.0,Online,CUST1216
ORD100118,2025-06-04,2025.0,South,Fashion,2457.04,5.0,Marketplace,CUST1051
ORD100119,2025-06-03,2025.0,North,Home & Kitchen,3843.22,13.0,Marketplace,CUST1084
ORD100120,2026-01-08,2026.0,South,Grocery,3774.34,8.0,,CUST1240
ORD100121,2026-05-05,2026.0,West,Grocery,3901.71,14.0,Marketplace,CUST1070
ORD100122,2024-09-13,2024.0,North,Home & Kitchen,4263.27,6.0,Retail,CUST1262
ORD100123,2024-05-30,2024.0,,Grocery,4655.84,13.0,,CUST1197
ORD100124,2024-03-24,2024.0,,Home & Kitchen,N/A,10.0,online,CUST1071
ORD100125,2026-02-16,,North,Electronics,4183.07,20.0,,CUST1147
ORD100126,2024-08-31,2024.0,,electronics ,598.75,20.0,,
ORD100127,2025-06-11,2025.0,North,electronics ,2874.79,3.0,,CUST1034
ORD100128,2025-06-22,2025.0,North,Grocery,N/A,12.0,Retail,CUST1182
ORD100129,2026-03-18,2026.0,North,,3795.56,12.0,,CUST1089
ORD100130,2026-04-30,2026.0,SOUTH,Home,362.35,15.0,Online,CUST1022
ORD100131,2026-03-21,2026.0,north,Grocery,2738.0,7.0,Retail,CUST1024
ORD100132,2025-11-02,2025.0,West,Home & Kitchen,4784.57,6.0,online,CUST1188
ORD100133,2026-03-27,2026.0,North,Grocery,4120.59,11.0,Online,CUST1151
ORD100134,2024-11-09,2024.0,West,Fashion,3647.73,20.0,online,CUST1029
ORD100135,2024-03-17,2024.0,SOUTH,Home & Kitchen,204.15,15.0,Online,CUST1120
ORD100136,2026-03-08,2026.0,North,electronics ,2277.12,15.0,Online,CUST1271
ORD100137,2025-01-10,2025.0,North,Electronics,2520.27,18.0,Online,CUST1133
ORD100138,2025-12-21,2025.0,West,Home,4271.49,15.0,Online,CUST1163
ORD100139,2025-11-14,2025.0,East,,3562.34,6.0,Retail,CUST1062
ORD100140,2024-07-24,2024.0,East,electronics ,2363.66,5.0,,CUST1033
ORD100141,2024-11-12,2024.0,West,,2895.76,11.0,Online,CUST1264
ORD100142,2024-12-18,2024.0,north,Home,688.71,2.0,Online,CUST1155
ORD100143,2024-06-17,2024.0,north,Fashion,1290.5,18.0,Retail,CUST1155
ORD100144,2025-09-21,2025.0,north,Home,3141.17,11.0,,CUST1014
ORD100145,2024-03-24,2024.0,SOUTH,Home,2112.1,16.0,,CUST1154
ORD100146,2025-05-09,2025.0,West,Electronics,832.5,15.0,Marketplace,CUST1073
ORD100147,2024-11-16,2024.0,East,Grocery,1884.17,11.0,Marketplace,CUST1136
ORD100148,2025-04-05,2025.0,West,,1278.94,6.0,Retail,CUST1160
ORD100149,2024-07-13,2024.0,West,Fashion,495.74,15.0,Marketplace,CUST1180
ORD100150,2024-02-19,2024.0,SOUTH,Home & Kitchen,2706.62,14.0,Marketplace,CUST1187
ORD100151,2026-02-21,2026.0,north,Home,1478.58,15.0,,CUST1060
ORD100152,2024-05-11,2024.0,East,electronics ,3787.08,17.0,online,CUST1023
ORD100153,2024-02-09,2024.0,West,Home,2601.75,20.0,Retail,CUST1153
ORD100154,2025-08-30,2025.0,SOUTH,electronics ,4087.96,4.0,online,CUST1013
ORD100155,2025-09-03,2025.0,,electronics ,3620.93,6.0,,CUST1194
ORD100156,2024-05-31,2024.0,SOUTH,Electronics,2233.14,14.0,Marketplace,CUST1241
ORD100157,2026-05-18,2026.0,South,electronics ,3328.02,11.0,Marketplace,CUST1272
ORD100158,2024-12-16,2024.0,SOUTH,Home & Kitchen,1358.59,8.0,Retail,CUST1115
ORD100159,2024-10-31,2024.0,West,Fashion,2824.41,9.0,Retail,CUST1278
ORD100160,2025-01-23,2025.0,,,258.23,3.0,Retail,CUST1131
ORD100161,2026-02-04,2026.0,north,Home & Kitchen,590.67,8.0,Marketplace,CUST1271
ORD100162,2024-08-19,2024.0,SOUTH,Grocery,3865.29,,,CUST1080
ORD100163,2025-02-20,2025.0,SOUTH,Home,1471.86,2.0,Online,CUST1118
ORD100164,2025-07-01,2025.0,South,Grocery,920.15,13.0,online,CUST1148
,2024-02-08,2024.0,East,Fashion,3224.5,5.0,,CUST1098
ORD100166,2026-04-08,2026.0,East,Home & Kitchen,3696.26,19.0,Marketplace,CUST1207
ORD100167,2026-04-26,2026.0,North,Home,2413.4,1.0,Retail,CUST1228
ORD100168,2026-02-10,2026.0,north,Electronics,1829.78,4.0,online,CUST1207
ORD100169,2025-12-03,2025.0,East,Home & Kitchen,4584.85,20.0,Marketplace,CUST1068
ORD100170,2025-05-04,2025.0,West,Home & Kitchen,2380.6,7.0,Marketplace,CUST1041
ORD100171,2025-06-22,2025.0,north,Electronics,2760.86,19.0,,CUST1167
ORD100172,2026-05-24,2026.0,north,Grocery,2576.36,15.0,Marketplace,CUST1233
ORD100173,2025-07-31,2025.0,SOUTH,Electronics,4091.44,19.0,Online,CUST1176
ORD100174,2025-12-18,2025.0,North,Grocery,,5.0,online,CUST1195
ORD100175,2025-04-04,2025.0,SOUTH,Home & Kitchen,708.3,4.0,Marketplace,CUST1201
ORD100176,2025-06-25,2025.0,,Electronics,2341.87,14.0,,CUST1117
ORD100177,2024-09-10,2024.0,SOUTH,,4056.92,1.0,Marketplace,CUST1051
ORD100178,2025-08-31,2025.0,North,Home,2041.21,7.0,Online,CUST1148
ORD100179,2024-08-27,2024.0,north,,1637.29,5.0,,CUST1153
ORD100180,2024-10-08,2024.0,South,Home & Kitchen,2801.46,12.0,online,CUST1163
ORD100181,2025-12-14,2025.0,,electronics ,4254.24,5.0,online,CUST1287
ORD100182,2025-02-26,2025.0,South,Fashion,3251.19,12.0,Online,CUST1097
ORD100183,2024-02-22,2024.0,,Electronics,3820.4,18.0,Marketplace,CUST1170
ORD100184,,2024.0,SOUTH,Electronics,3783.94,20.0,Marketplace,CUST1122
ORD100185,2025-07-19,2025.0,SOUTH,Fashion,1830.24,15.0,Online,CUST1240
ORD100186,2026-02-18,2026.0,West,Electronics,1145.31,9.0,,CUST1296
ORD100187,2026-01-07,2026.0,West,electronics ,2521.54,11.0,Retail,CUST1250
ORD100188,2026-01-10,2026.0,,Fashion,3615.55,18.0,Online,CUST1038
ORD100189,2026-04-17,2026.0,,Home & Kitchen,3550.49,,,CUST1030
ORD100190,2025-09-24,2025.0,SOUTH,Grocery,,14.0,Online,
ORD100191,2026-01-09,,,Home & Kitchen,4040.53,4.0,Online,CUST1123
ORD100192,2024-07-15,2024.0,,Grocery,4798.52,8.0,Marketplace,CUST1041
ORD100193,2025-10-31,2025.0,West,Grocery,2406.23,6.0,Online,CUST1222
ORD100194,2025-10-22,2025.0,North,electronics ,1187.34,19.0,online,CUST1038
ORD100195,2025-12-01,2025.0,North,Home,1606.7,19.0,Marketplace,CUST1203
ORD100196,2024-03-19,2024.0,,Grocery,2725.78,5.0,Online,CUST1177
ORD100197,2024-02-24,2024.0,north,,2998.26,11.0,Online,CUST1230
ORD100198,2025-05-17,2025.0,South,Home & Kitchen,1931.36,10.0,Marketplace,CUST1042
ORD100199,2024-10-01,2024.0,SOUTH,Grocery,577.43,,Retail,CUST1138
ORD100200,2024-04-14,2024.0,north,electronics ,180.0,3.0,,CUST1166
,2025-01-29,2025.0,SOUTH,electronics ,4891.96,6.0,online,CUST1137
ORD100202,2024-11-04,2024.0,East,Grocery,3924.2,8.0,online,CUST1100
ORD100203,2025-04-13,2025.0,East,,4030.18,11.0,online,CUST1069
ORD100204,2024-11-03,2024.0,East,Home,4845.19,16.0,,CUST1166
ORD100205,2025-01-20,2025.0,north,Home,2750.86,18.0,Online,CUST1236
ORD100206,2025-12-26,2025.0,North,,3985.48,5.0,Retail,CUST1078
ORD100207,2026-01-02,2026.0,north,Grocery,2695.12,14.0,,CUST1184
ORD100208,2025-12-19,2025.0,North,Electronics,3305.13,20.0,Online,CUST1204
ORD100209,2026-02-09,2026.0,North,Fashion,3746.92,19.0,Marketplace,CUST1200
ORD100210,2025-04-19,2025.0,East,Electronics,1512.39,3.0,Online,CUST1072
ORD100211,2024-12-22,2024.0,West,Fashion,2218.92,11.0,Online,CUST1058
ORD100212,2024-01-24,2024.0,South,Home & Kitchen,913.54,18.0,online,CUST1118
ORD100213,2026-03-27,2026.0,West,Grocery,,7.0,online,CUST1199
ORD100214,2024-01-05,2024.0,,,553.67,6.0,Retail,CUST1234
ORD100215,2024-04-26,2024.0,SOUTH,Fashion,3075.98,12.0,Retail,CUST1088
ORD100216,2026-04-13,2026.0,north,Electronics,1600.27,4.0,Marketplace,CUST1072
ORD100217,2025-06-07,2025.0,West,Home,2710.03,6.0,,CUST1147
ORD100218,2024-05-23,2024.0,,Fashion,2448.81,13.0,,CUST1253
ORD100219,2025-02-22,2025.0,West,Home,202.76,10.0,Online,CUST1275
ORD100220,2024-10-22,2024.0,,Grocery,610.39,18.0,Retail,CUST1021
ORD100221,2026-02-17,2026.0,North,Home & Kitchen,3769.16,2.0,online,CUST1044
ORD100222,2025-03-25,2025.0,South,,3461.21,20.0,online,CUST1071
ORD100223,2026-03-14,2026.0,East,electronics ,2716.9,10.0,Retail,CUST1263
ORD100224,2025-11-26,2025.0,West,Electronics,4341.89,5.0,Marketplace,CUST1164
ORD100225,2026-04-28,2026.0,South,electronics ,3157.67,3.0,Online,CUST1142
ORD100226,2025-12-12,2025.0,East,electronics ,,3.0,online,CUST1183
ORD100227,2026-05-20,2026.0,West,,1379.26,11.0,,CUST1289
ORD100228,2026-05-22,2026.0,North,Electronics,3930.25,4.0,Marketplace,CUST1000
ORD100229,2025-03-14,2025.0,SOUTH,Fashion,4666.99,12.0,Retail,CUST1084
ORD100230,2024-02-23,2024.0,South,Grocery,3533.31,,online,CUST1115
ORD100231,,2025.0,,Electronics,2140.45,3.0,Marketplace,CUST1052
ORD100232,2024-04-15,2024.0,,,709.07,5.0,Online,CUST1004
ORD100233,2025-09-16,2025.0,SOUTH,Home & Kitchen,2087.96,7.0,Online,CUST1071
ORD100234,2026-02-09,2026.0,West,Fashion,1276.54,8.0,,CUST1145
ORD100235,2026-03-08,2026.0,East,Home,2572.14,10.0,Online,CUST1122
ORD100236,2025-05-21,2025.0,North,electronics ,109.73,11.0,Marketplace,CUST1291
ORD100237,2025-03-06,2025.0,,Electronics,,9.0,Marketplace,CUST1030
ORD100238,2026-03-19,2026.0,,Grocery,2041.27,18.0,,CUST1042
ORD100239,2024-11-13,2024.0,South,electronics ,2952.86,3.0,Retail,CUST1122
ORD100240,2024-02-29,2024.0,north,electronics ,3347.09,6.0,Online,
ORD100241,2024-05-20,2024.0,north,electronics ,3617.79,5.0,Retail,CUST1060
ORD100242,2026-02-28,2026.0,north,Electronics,4876.5,16.0,online,CUST1028
ORD100243,2025-05-26,2025.0,,Electronics,3386.9,17.0,Online,CUST1006
ORD100244,2024-09-07,2024.0,South,,,14.0,Marketplace,CUST1213
ORD100245,2026-01-07,2026.0,North,electronics ,310.73,17.0,Online,CUST1035
ORD100246,2025-04-21,2025.0,North,electronics ,1876.15,10.0,,CUST1188
ORD100247,2025-08-28,2025.0,SOUTH,electronics ,1263.38,,online,
ORD100248,2025-07-08,2025.0,East,Electronics,1912.56,10.0,Online,CUST1121
ORD100249,2025-03-05,2025.0,SOUTH,Fashion,4610.31,17.0,online,CUST1190
ORD100250,2025-04-14,2025.0,South,Home & Kitchen,420.41,14.0,Marketplace,CUST1133
ORD100251,2026-05-21,2026.0,SOUTH,Fashion,N/A,7.0,Marketplace,CUST1299
ORD100252,2024-04-21,2024.0,West,Electronics,4824.94,10.0,online,CUST1061
ORD100253,2024-04-02,2024.0,SOUTH,electronics ,,11.0,Marketplace,CUST1127
ORD100254,2024-12-30,2024.0,,Home,N/A,15.0,,CUST1127
ORD100255,2024-04-06,2024.0,North,Electronics,4913.71,13.0,Retail,CUST1043
ORD100256,2025-08-19,2025.0,North,Home,2244.99,11.0,Online,CUST1236
ORD100257,2024-02-21,2024.0,West,Grocery,,6.0,Retail,CUST1095
ORD100258,2024-10-08,2024.0,north,electronics ,1510.77,18.0,online,CUST1143
ORD100259,2025-01-27,2025.0,north,Home,4020.73,13.0,Retail,CUST1248
ORD100260,2024-12-18,2024.0,South,Electronics,1134.15,9.0,Online,CUST1241
ORD100261,2025-06-26,2025.0,South,Electronics,1243.71,2.0,Marketplace,CUST1198
ORD100262,2024-12-29,2024.0,South,electronics ,3703.62,19.0,Online,CUST1180
ORD100263,2025-08-04,2025.0,,Grocery,919.01,,Online,CUST1112
ORD100264,,2024.0,South,,3598.84,11.0,Online,
ORD100265,2025-08-23,2025.0,north,,409.03,13.0,,CUST1154
ORD100266,2024-11-26,2024.0,,Home & Kitchen,3263.44,18.0,,CUST1114
ORD100267,2025-11-12,2025.0,SOUTH,Fashion,3657.71,19.0,online,CUST1290
ORD100268,2024-02-03,2024.0,north,Home,565.35,11.0,Online,CUST1163
ORD100269,2024-06-20,2024.0,SOUTH,Home & Kitchen,1711.96,,Marketplace,CUST1034
ORD100270,2024-12-24,,West,Grocery,4847.05,16.0,online,CUST1192
ORD100271,2024-04-13,2024.0,,Home & Kitchen,2283.87,2.0,Retail,
ORD100272,2024-09-24,2024.0,West,Home,2757.88,3.0,Retail,CUST1247
ORD100273,2025-12-22,2025.0,West,Home,1688.92,14.0,,CUST1276
ORD100274,2024-09-28,2024.0,West,electronics ,2480.19,1.0,online,CUST1245
ORD100275,2024-07-23,2024.0,North,Grocery,N/A,16.0,Retail,CUST1278
ORD100276,2025-01-31,2025.0,West,Electronics,2352.04,9.0,,CUST1049
ORD100277,2024-03-28,2024.0,,electronics ,351.87,17.0,online,CUST1243
ORD100278,2025-08-09,2025.0,,Home & Kitchen,,17.0,,CUST1075
ORD100279,2024-05-03,2024.0,South,Home,674.62,14.0,Marketplace,CUST1075
ORD100280,2026-05-04,2026.0,,Electronics,2804.0,9.0,,CUST1006
ORD100281,2026-03-16,2026.0,North,Grocery,2854.64,4.0,Online,CUST1051
ORD100282,2026-03-15,2026.0,West,Fashion,2453.64,2.0,Marketplace,CUST1073
ORD100283,2025-09-25,2025.0,East,Home & Kitchen,3741.46,12.0,Online,CUST1155
ORD100284,2024-11-14,2024.0,North,,1537.38,11.0,Retail,CUST1045
ORD100285,2024-07-11,2024.0,West,,1900.86,6.0,Online,CUST1259
ORD100286,2025-02-17,2025.0,North,Home,4173.0,8.0,Online,CUST1184
ORD100287,2025-12-22,2025.0,West,Home & Kitchen,3421.81,16.0,,CUST1242
ORD100288,2025-08-23,2025.0,East,Home & Kitchen,497.44,,Online,CUST1292
ORD100289,2026-03-09,2026.0,SOUTH,Home,2077.06,,Online,CUST1067
ORD100290,2025-10-24,2025.0,north,,3578.07,9.0,online,CUST1178
ORD100291,2025-04-15,2025.0,,electronics ,556.44,12.0,,CUST1144
ORD100292,2024-11-01,2024.0,East,Home & Kitchen,1420.58,10.0,Marketplace,CUST1123
ORD100293,2024-02-28,2024.0,SOUTH,Fashion,3620.35,10.0,Retail,CUST1207
ORD100294,2025-02-01,2025.0,,Home,3581.18,16.0,Retail,CUST1087
ORD100295,2026-05-10,2026.0,West,Home,3639.67,6.0,Retail,CUST1113
ORD100296,2024-12-29,2024.0,East,Fashion,1505.55,16.0,Online,CUST1298
ORD100297,2025-08-17,2025.0,north,Electronics,1939.26,2.0,Marketplace,CUST1102
ORD100298,2024-12-16,2024.0,West,Home,3592.56,16.0,Retail,CUST1090
ORD100299,,2024.0,,,3834.19,3.0,Marketplace,CUST1219
ORD100300,2025-02-17,,north,Home,4752.84,17.0,Marketplace,
ORD100301,2024-01-05,2024.0,East,Fashion,1948.57,6.0,Online,CUST1152
ORD100302,2024-10-24,2024.0,West,Home & Kitchen,1746.53,12.0,Marketplace,CUST1206
ORD100303,2024-01-20,2024.0,SOUTH,Electronics,886.47,2.0,online,CUST1130
ORD100304,2026-02-28,2026.0,SOUTH,Electronics,147.72,14.0,online,CUST1280
ORD100305,2024-09-15,2024.0,SOUTH,Electronics,3325.24,9.0,,CUST1070
ORD100306,2025-03-04,2025.0,North,Fashion,576.01,7.0,Retail,CUST1103
ORD100307,2025-01-01,2025.0,West,Home,2429.29,1.0,Online,CUST1293
ORD100308,2025-11-16,2025.0,North,Home & Kitchen,4528.66,15.0,Retail,CUST1025
ORD100309,2024-04-12,2024.0,East,,2158.68,2.0,Online,CUST1087
ORD100310,2024-12-02,2024.0,SOUTH,Electronics,1746.48,13.0,online,CUST1197
ORD100311,2025-12-07,2025.0,,Home,3496.04,6.0,Online,CUST1247
ORD100312,2026-04-01,2026.0,,Fashion,4319.75,5.0,online,CUST1057
ORD100313,2025-02-25,2025.0,North,Home & Kitchen,2647.85,19.0,Marketplace,CUST1173
ORD100314,2025-06-15,2025.0,SOUTH,Home & Kitchen,1761.46,13.0,Marketplace,CUST1285
ORD100315,2025-09-19,2025.0,,Grocery,4353.61,16.0,Retail,CUST1142
ORD100316,2024-02-21,2024.0,,Home,2248.73,3.0,online,CUST1060
ORD100317,,2025.0,North,electronics ,4138.25,20.0,Retail,CUST1287
ORD100318,2024-07-30,2024.0,,Electronics,4229.37,20.0,,CUST1186
ORD100319,2026-01-03,2026.0,North,Fashion,3186.62,18.0,,CUST1054
ORD100320,2024-02-16,2024.0,SOUTH,Home & Kitchen,1308.73,4.0,online,CUST1097
ORD100321,2026-01-03,2026.0,SOUTH,,659.93,15.0,,CUST1068
,2025-05-25,2025.0,West,,4625.64,6.0,,CUST1065
ORD100323,2024-04-16,2024.0,north,Grocery,3064.52,8.0,Retail,CUST1175
ORD100324,2024-10-28,2024.0,SOUTH,Home & Kitchen,4223.22,11.0,,CUST1102
ORD100325,2024-08-02,2024.0,SOUTH,Home,3267.93,17.0,,CUST1165
ORD100326,2025-12-28,2025.0,north,Home & Kitchen,3387.51,18.0,Retail,CUST1216
,2026-04-07,2026.0,North,Home & Kitchen,1371.54,10.0,Retail,CUST1031
ORD100328,2025-12-08,2025.0,East,,3099.74,18.0,Marketplace,CUST1287
ORD100329,2025-02-02,2025.0,East,Home & Kitchen,4636.1,11.0,,CUST1128
ORD100330,2024-07-26,2024.0,,Home,3537.91,19.0,,CUST1100
ORD100331,2026-03-05,2026.0,SOUTH,Electronics,910.29,13.0,Online,CUST1284
ORD100332,2024-09-27,2024.0,East,Grocery,816.29,11.0,,CUST1154
ORD100333,2025-05-17,2025.0,SOUTH,Fashion,4787.09,17.0,Marketplace,CUST1274
ORD100334,2025-02-17,2025.0,East,Fashion,1131.3,17.0,online,CUST1004
ORD100335,2024-04-27,2024.0,north,electronics ,247.39,13.0,Online,CUST1276
ORD100336,2026-01-11,2026.0,East,electronics ,2255.51,7.0,Retail,CUST1049
ORD100337,2024-06-20,2024.0,SOUTH,Electronics,3166.1,14.0,Online,CUST1222
ORD100338,2025-10-24,2025.0,North,Grocery,237.54,6.0,Retail,CUST1294
ORD100339,2026-04-21,2026.0,SOUTH,Grocery,133.61,18.0,Online,CUST1032
ORD100340,2026-02-13,2026.0,East,electronics ,3945.11,3.0,Retail,CUST1224
ORD100341,2025-01-25,2025.0,north,Home,1985.41,18.0,Retail,CUST1073
ORD100342,2024-11-01,2024.0,SOUTH,Home & Kitchen,4749.85,18.0,Marketplace,CUST1002
ORD100343,2025-08-09,2025.0,East,Home,4522.55,14.0,,CUST1094
ORD100344,2024-08-14,2024.0,SOUTH,,319.22,18.0,online,CUST1037
ORD100345,2024-10-24,2024.0,north,Grocery,1817.83,8.0,Online,CUST1035
ORD100346,2024-07-17,2024.0,East,Home & Kitchen,2849.48,11.0,online,CUST1160
ORD100347,2024-09-09,2024.0,East,,3413.92,16.0,online,CUST1156
ORD100348,2025-05-13,2025.0,,Fashion,743.01,9.0,Online,CUST1009
ORD100349,2026-05-19,2026.0,West,,4536.2,18.0,,CUST1076
ORD100350,2025-01-09,2025.0,,Fashion,2530.56,12.0,,
ORD100351,2024-09-01,2024.0,South,,2258.79,19.0,Marketplace,CUST1247
ORD100352,2025-01-02,2025.0,East,Fashion,3359.5,12.0,online,CUST1232
ORD100353,2024-02-17,2024.0,north,Home & Kitchen,N/A,18.0,,CUST1193
ORD100354,2025-01-09,2025.0,East,Grocery,1153.35,12.0,online,CUST1003
ORD100355,2025-05-28,2025.0,north,Home & Kitchen,793.69,20.0,Online,CUST1212
ORD100356,2026-04-10,2026.0,West,Home,3253.93,8.0,Online,CUST1082
ORD100357,2024-05-17,2024.0,North,Home,941.19,20.0,,CUST1145
ORD100358,2024-03-28,2024.0,West,Home,2083.3,19.0,Marketplace,CUST1261
ORD100359,2024-09-27,2024.0,north,electronics ,1922.15,1.0,Marketplace,CUST1258
ORD100360,2025-12-01,2025.0,West,electronics ,4394.88,4.0,Online,CUST1066
ORD100361,,2025.0,SOUTH,Home & Kitchen,2132.39,17.0,online,CUST1246
ORD100362,2026-03-19,2026.0,,,533.7,16.0,Marketplace,CUST1042
ORD100363,2024-10-17,2024.0,North,Home & Kitchen,85.21,17.0,Online,CUST1105
ORD100364,2025-12-05,2025.0,West,Home & Kitchen,1343.45,19.0,Retail,CUST1203
ORD100365,2026-02-12,2026.0,South,Fashion,2444.61,19.0,Retail,CUST1203
ORD100366,2026-01-23,2026.0,South,Grocery,4748.76,17.0,online,CUST1281
ORD100367,2025-09-20,2025.0,SOUTH,Electronics,4125.11,20.0,online,CUST1134
ORD100368,2024-08-15,2024.0,West,electronics ,1468.02,2.0,Marketplace,CUST1224
ORD100369,2024-01-11,2024.0,East,Home,,17.0,Marketplace,CUST1018
ORD100370,,2025.0,East,,3364.83,7.0,,
ORD100371,2025-12-21,2025.0,,electronics ,1773.07,9.0,Marketplace,CUST1099
ORD100372,2025-04-10,2025.0,West,electronics ,408.31,4.0,,CUST1275
ORD100373,2026-04-12,2026.0,West,electronics ,1254.2,15.0,online,CUST1014
ORD100374,2025-05-08,2025.0,South,Home & Kitchen,N/A,12.0,,CUST1134
ORD100375,2024-09-11,2024.0,East,Electronics,933.5,7.0,,CUST1097
ORD100376,2025-05-25,2025.0,East,Home,4182.96,12.0,Marketplace,CUST1061
ORD100377,2024-03-21,2024.0,,,259.2,20.0,Retail,CUST1294
ORD100378,2024-10-08,2024.0,East,Grocery,2904.49,14.0,online,CUST1016
ORD100379,2025-05-29,2025.0,West,Electronics,2327.35,1.0,Marketplace,CUST1051
ORD100380,2024-11-29,2024.0,East,Home,4794.71,6.0,online,CUST1214
ORD100381,2025-12-18,2025.0,West,Home,4897.4,4.0,Retail,CUST1284
ORD100382,2025-03-18,2025.0,SOUTH,Home,98.22,5.0,,CUST1161
ORD100383,2026-03-15,2026.0,North,Grocery,858.54,9.0,online,CUST1049
ORD100384,2025-04-05,2025.0,north,,148.18,20.0,Marketplace,CUST1275
ORD100385,2024-06-27,2024.0,north,Grocery,2262.3,20.0,Retail,CUST1074
ORD100386,2024-06-20,2024.0,north,electronics ,4540.01,11.0,Marketplace,CUST1149
ORD100387,2025-12-28,2025.0,West,,1847.67,15.0,online,CUST1011
ORD100388,2024-05-08,2024.0,SOUTH,Home & Kitchen,876.21,3.0,online,CUST1013
ORD100389,2026-02-28,2026.0,East,electronics ,3291.42,10.0,Marketplace,CUST1145
ORD100390,2025-03-29,2025.0,North,Electronics,4308.83,16.0,online,CUST1276
ORD100391,2024-10-05,2024.0,north,Home,2309.89,19.0,online,CUST1273
ORD100392,2024-11-13,2024.0,North,Grocery,2090.41,1.0,Online,CUST1069
ORD100393,2024-12-18,2024.0,West,,95.21,10.0,,CUST1003
ORD100394,2025-07-15,2025.0,West,Home,3698.73,13.0,Marketplace,CUST1216
ORD100395,2025-10-02,2025.0,,Home & Kitchen,1459.15,9.0,online,CUST1035
ORD100396,2024-07-05,2024.0,West,Fashion,2485.38,5.0,Online,CUST1011
ORD100397,2024-07-09,2024.0,West,Home & Kitchen,,1.0,online,CUST1215
ORD100398,2024-11-15,2024.0,SOUTH,,,5.0,Online,CUST1200
ORD100399,2024-03-14,2024.0,East,,112.45,8.0,online,CUST1226
ORD100400,2024-09-10,2024.0,,Electronics,4911.47,10.0,Retail,CUST1021
ORD100401,2026-02-01,2026.0,SOUTH,Fashion,4443.22,7.0,Online,CUST1222
,2024-11-28,2024.0,West,,4845.73,16.0,,CUST1045
ORD100403,2024-09-11,2024.0,,Home & Kitchen,1809.81,18.0,Online,CUST1119
ORD100404,2024-11-20,2024.0,,Grocery,155.7,5.0,Retail,CUST1248
ORD100405,2025-12-24,2025.0,South,electronics ,1770.94,9.0,,CUST1283
ORD100406,2024-06-13,2024.0,East,electronics ,53.56,13.0,Marketplace,CUST1186
ORD100407,2026-03-05,2026.0,north,,2644.15,18.0,Marketplace,CUST1165
ORD100408,2025-02-23,2025.0,North,Electronics,692.38,7.0,Online,CUST1050
ORD100409,2024-02-02,2024.0,north,electronics ,1316.9,20.0,Online,
ORD100410,2024-08-01,2024.0,West,,1836.58,14.0,Retail,CUST1029
ORD100411,2026-04-23,2026.0,,Fashion,1118.71,4.0,Marketplace,CUST1097
ORD100412,2024-07-16,2024.0,South,electronics ,2105.16,19.0,Retail,CUST1218
ORD100413,2024-04-16,2024.0,East,Home & Kitchen,4992.25,12.0,Retail,CUST1166
ORD100414,2026-05-15,2026.0,SOUTH,Fashion,2837.57,18.0,Retail,CUST1231
ORD100415,,2025.0,East,electronics ,,10.0,Online,CUST1113
ORD100416,2024-08-07,2024.0,SOUTH,,2790.63,19.0,Marketplace,CUST1235
ORD100417,2024-12-30,2024.0,South,Home,1536.5,19.0,Marketplace,CUST1166
ORD100418,2026-03-22,2026.0,SOUTH,electronics ,522.05,2.0,,CUST1028
ORD100419,2026-02-28,2026.0,,Electronics,1172.25,20.0,Online,CUST1195
ORD100420,2024-02-25,2024.0,South,Fashion,1142.95,13.0,online,CUST1294
ORD100421,2025-05-31,2025.0,South,Home,2405.48,18.0,online,CUST1204
ORD100422,2025-05-28,2025.0,West,electronics ,2006.83,18.0,,CUST1268
ORD100423,2024-09-09,2024.0,SOUTH,electronics ,3375.15,12.0,Marketplace,CUST1012
ORD100424,2026-02-27,2026.0,,Grocery,2230.29,8.0,Marketplace,CUST1079
ORD100425,2026-02-14,2026.0,South,electronics ,4350.32,1.0,Retail,CUST1056
ORD100426,2024-11-08,2024.0,north,Home,2640.17,16.0,,CUST1072
ORD100427,,2025.0,SOUTH,electronics ,,10.0,Marketplace,CUST1138
ORD100428,2024-02-24,2024.0,SOUTH,Fashion,4568.7,4.0,Online,CUST1197
ORD100429,2024-08-24,2024.0,East,Grocery,2681.23,17.0,online,CUST1011
ORD100430,2024-02-10,2024.0,West,Home & Kitchen,1766.56,10.0,Marketplace,CUST1256
ORD100431,2024-10-09,2024.0,,Electronics,4748.13,11.0,online,CUST1044
ORD100432,2026-01-17,2026.0,SOUTH,Home & Kitchen,1239.79,10.0,,CUST1277
ORD100433,2024-05-14,2024.0,,Home,1579.54,17.0,Marketplace,CUST1074
ORD100434,2025-11-02,2025.0,north,electronics ,636.02,5.0,Online,CUST1211
ORD100435,2025-02-25,2025.0,SOUTH,Home & Kitchen,3906.58,6.0,Online,CUST1136
ORD100436,2025-09-12,2025.0,SOUTH,Electronics,3456.3,17.0,,CUST1191
ORD100437,2024-07-07,2024.0,South,Home,,1.0,Retail,CUST1113
ORD100438,2026-01-30,2026.0,South,Grocery,2475.22,15.0,Marketplace,CUST1021
ORD100439,2025-09-14,2025.0,north,Home & Kitchen,2703.99,2.0,,CUST1233
ORD100440,2026-04-26,2026.0,north,Grocery,244.3,2.0,Marketplace,CUST1203
ORD100441,2024-11-07,2024.0,East,electronics ,3465.27,15.0,online,CUST1256
ORD100442,2024-04-25,2024.0,north,Home,1651.13,,online,CUST1103
ORD100443,2025-04-10,2025.0,SOUTH,,3679.65,15.0,Retail,CUST1196
ORD100444,2026-01-14,2026.0,West,electronics ,3852.89,19.0,Marketplace,CUST1074
ORD100445,2024-07-02,2024.0,SOUTH,,1479.46,5.0,Marketplace,
ORD100446,2026-02-22,2026.0,north,,,8.0,Marketplace,CUST1243
ORD100447,2025-04-09,2025.0,South,electronics ,3161.75,7.0,Online,CUST1028
ORD100448,2025-10-30,2025.0,north,,1689.0,4.0,online,CUST1082
ORD100449,2025-11-19,2025.0,north,,4833.15,12.0,Online,CUST1153
ORD100450,2024-11-26,2024.0,West,,N/A,9.0,Retail,CUST1268
ORD100451,2024-08-02,2024.0,SOUTH,Home & Kitchen,483.97,20.0,Retail,CUST1162
ORD100452,2024-09-22,2024.0,South,electronics ,2622.54,16.0,Marketplace,CUST1119
ORD100453,2025-12-26,2025.0,West,Home & Kitchen,3700.47,20.0,online,CUST1170
ORD100454,2024-12-24,,South,Home & Kitchen,3961.47,17.0,,CUST1003
ORD100455,2024-04-26,2024.0,north,Electronics,1010.38,16.0,online,CUST1069
ORD100456,2025-05-08,2025.0,East,Grocery,2099.07,17.0,Retail,CUST1161
ORD100457,2025-07-22,2025.0,,,4849.59,1.0,Retail,CUST1273
ORD100458,2026-05-12,2026.0,North,,1575.99,2.0,Retail,CUST1254
ORD100459,2024-08-31,2024.0,north,Fashion,1902.37,,Marketplace,CUST1227
,2025-06-02,2025.0,South,Fashion,3675.58,11.0,Marketplace,CUST1050
ORD100461,2026-04-21,2026.0,South,Home & Kitchen,,17.0,Online,
ORD100462,2024-02-15,2024.0,West,Electronics,3842.59,1.0,,CUST1107
ORD100463,2024-11-24,2024.0,,Grocery,1399.64,4.0,Online,CUST1286
ORD100464,2025-06-10,2025.0,East,Home,4029.81,6.0,Online,CUST1173
ORD100465,2025-07-07,2025.0,SOUTH,Electronics,316.31,6.0,,CUST1228
ORD100466,2025-09-23,2025.0,,Home & Kitchen,438.8,15.0,,CUST1239
ORD100467,2024-04-09,2024.0,West,Grocery,1157.78,20.0,Retail,CUST1200
ORD100468,2024-07-06,2024.0,East,Grocery,373.56,16.0,online,CUST1144
ORD100469,2026-02-25,2026.0,West,,579.56,3.0,Retail,CUST1205
ORD100470,2025-08-27,2025.0,West,Grocery,1080.78,14.0,online,CUST1175
ORD100471,2025-07-11,2025.0,SOUTH,Home & Kitchen,2458.82,15.0,Retail,CUST1227
ORD100472,2024-06-29,2024.0,SOUTH,,4108.34,2.0,Online,CUST1071
ORD100473,2025-08-17,,South,Home & Kitchen,2679.72,19.0,online,CUST1162
ORD100474,2024-11-02,2024.0,West,Home & Kitchen,1754.11,1.0,,CUST1206
ORD100475,2026-05-17,2026.0,north,Electronics,,12.0,Online,CUST1015
ORD100476,2024-08-28,2024.0,SOUTH,Grocery,2204.19,6.0,online,CUST1284
ORD100477,2025-01-28,2025.0,East,,714.67,1.0,Marketplace,CUST1249
ORD100478,2025-11-04,2025.0,SOUTH,,2307.34,20.0,online,CUST1232
ORD100479,2025-06-05,2025.0,South,Home,86.78,8.0,,CUST1279
ORD100480,2025-08-13,2025.0,SOUTH,Fashion,2433.59,5.0,,CUST1143
ORD100481,2025-04-21,2025.0,South,Grocery,3335.5,18.0,,CUST1027
ORD100482,,2024.0,West,electronics ,2134.03,10.0,Retail,CUST1155
ORD100483,2026-01-14,2026.0,north,Home,3298.78,20.0,Online,CUST1042
ORD100484,2024-05-09,2024.0,South,electronics ,4296.4,,Online,CUST1077
ORD100485,2025-11-05,2025.0,SOUTH,Home,4006.89,11.0,Online,CUST1078
ORD100486,2026-05-07,2026.0,South,Home & Kitchen,3205.99,12.0,Online,CUST1059
ORD100487,2024-02-23,2024.0,SOUTH,,1206.62,13.0,online,CUST1271
,2025-03-21,2025.0,SOUTH,Fashion,3430.24,18.0,Retail,CUST1221
ORD100489,2025-09-17,2025.0,East,,3289.0,8.0,,CUST1266
ORD100490,2024-12-11,2024.0,North,Home & Kitchen,,14.0,Online,CUST1228
ORD100491,2024-12-25,2024.0,North,electronics ,4695.6,7.0,,CUST1061
ORD100492,2024-03-29,2024.0,SOUTH,electronics ,964.6,6.0,Retail,CUST1038
ORD100493,2025-10-16,2025.0,SOUTH,Home & Kitchen,1650.85,3.0,Retail,CUST1195
ORD100494,2025-02-01,2025.0,East,Home,2484.02,20.0,online,CUST1251
ORD100495,2024-04-21,2024.0,SOUTH,Electronics,3591.23,3.0,Online,CUST1128
ORD100496,2026-03-06,2026.0,SOUTH,Electronics,3339.8,11.0,online,CUST1263
ORD100497,2025-12-25,2025.0,,Home & Kitchen,3937.64,1.0,online,CUST1246
ORD100498,2024-05-04,2024.0,SOUTH,Fashion,3179.75,3.0,Retail,CUST1174
ORD100499,2024-03-23,2024.0,South,Home,4839.19,10.0,online,CUST1183
ORD100500,2025-05-13,2025.0,South,Electronics,3612.71,16.0,online,CUST1276
ORD100501,2025-10-20,2025.0,West,Electronics,,2.0,online,CUST1267
ORD100502,2025-04-14,2025.0,SOUTH,electronics ,406.57,16.0,Online,CUST1023
ORD100503,2024-09-05,2024.0,North,Fashion,531.6,19.0,Online,CUST1054
ORD100504,2024-04-26,2024.0,,Home,4067.03,13.0,Retail,CUST1294
ORD100505,2025-07-12,2025.0,,Electronics,1710.74,5.0,online,CUST1189
ORD100506,2025-07-20,2025.0,South,Electronics,3179.36,6.0,Online,CUST1041
,2024-01-07,2024.0,north,Fashion,N/A,5.0,Marketplace,CUST1138
ORD100508,2025-06-19,2025.0,SOUTH,Electronics,3600.13,3.0,Retail,CUST1002
ORD100509,2025-07-25,2025.0,North,electronics ,3817.58,8.0,online,CUST1106
ORD100510,2024-10-10,2024.0,,Grocery,840.81,2.0,Retail,CUST1222
ORD100511,2024-09-14,2024.0,North,Electronics,4628.06,1.0,online,CUST1036
ORD100512,2024-08-28,2024.0,South,Home & Kitchen,1662.14,11.0,Marketplace,CUST1211
ORD100513,2024-07-23,2024.0,West,Electronics,767.46,15.0,Marketplace,CUST1069
ORD100514,2025-04-13,2025.0,South,Fashion,3476.44,5.0,Online,CUST1234
ORD100515,2025-03-04,2025.0,north,Home,3208.1,6.0,,CUST1117
ORD100516,2024-03-29,2024.0,South,electronics ,2340.68,,online,CUST1126
ORD100517,2024-09-10,2024.0,north,Home,4496.35,2.0,Online,CUST1258
ORD100518,2024-02-04,2024.0,SOUTH,,2501.66,1.0,online,CUST1067
ORD100519,2025-01-02,2025.0,West,Home & Kitchen,3531.36,19.0,Online,CUST1237
ORD100520,2026-03-01,2026.0,,Fashion,3534.32,,Online,CUST1170
ORD100521,2025-06-27,2025.0,north,electronics ,1075.37,20.0,Retail,CUST1028
ORD100522,2025-06-11,2025.0,North,Grocery,3114.71,6.0,,CUST1287
ORD100523,2025-12-27,2025.0,north,Electronics,3700.03,7.0,Marketplace,CUST1136
ORD100524,2025-05-30,2025.0,East,Grocery,2657.08,18.0,,CUST1231
ORD100525,2025-09-27,2025.0,North,Home,2316.48,6.0,Retail,CUST1039
ORD100526,2024-04-21,2024.0,South,,4762.92,,online,CUST1277
ORD100527,2024-05-15,2024.0,North,Fashion,159.08,17.0,Retail,CUST1175
ORD100528,2025-11-02,2025.0,SOUTH,electronics ,2254.02,5.0,Retail,CUST1133
ORD100529,2024-08-20,2024.0,North,Home,2306.84,6.0,,CUST1089
ORD100530,2026-05-09,2026.0,South,Home,4969.18,15.0,Retail,CUST1105
ORD100531,2025-07-29,2025.0,South,Fashion,4878.56,4.0,Online,CUST1255
ORD100532,2026-02-25,2026.0,North,Home & Kitchen,2561.67,10.0,online,CUST1293
ORD100533,2025-11-13,2025.0,West,Fashion,3671.62,5.0,,CUST1012
ORD100534,2025-02-15,2025.0,East,Electronics,1015.99,9.0,Marketplace,
ORD100535,2025-07-05,2025.0,north,Grocery,1622.9,2.0,Retail,CUST1218
ORD100536,,2025.0,East,Grocery,483.61,15.0,online,CUST1147
ORD100537,2024-06-16,2024.0,West,Home,3009.78,10.0,online,CUST1268
ORD100538,2024-12-09,2024.0,North,Electronics,4576.33,18.0,online,CUST1070
ORD100539,2024-07-23,2024.0,North,,4181.2,18.0,online,CUST1001
ORD100540,2024-06-06,2024.0,West,Electronics,4468.8,16.0,Marketplace,
ORD100541,2026-02-22,2026.0,SOUTH,Fashion,2849.59,16.0,Online,CUST1294
ORD100542,2024-01-18,2024.0,East,Grocery,720.71,9.0,Retail,CUST1182
ORD100543,2024-02-19,2024.0,north,Home,957.08,6.0,,CUST1161
ORD100544,2026-04-26,2026.0,SOUTH,Home & Kitchen,2695.38,5.0,Online,CUST1144
ORD100545,2025-01-16,2025.0,South,Electronics,2541.75,18.0,,CUST1269
ORD100546,2026-05-16,2026.0,North,Grocery,428.18,1.0,online,CUST1185
ORD100547,2024-05-22,2024.0,,Fashion,1558.19,4.0,Marketplace,CUST1072
ORD100548,2025-12-05,2025.0,North,Grocery,3930.95,16.0,online,CUST1055
ORD100549,2024-02-03,2024.0,North,Fashion,,1.0,Online,CUST1105
ORD100550,2025-08-24,2025.0,North,Home,4712.13,12.0,Retail,CUST1256
ORD100551,2026-03-10,2026.0,North,,119.22,7.0,Retail,CUST1275
ORD100552,2024-01-05,2024.0,north,,1863.99,15.0,Online,CUST1181
ORD100553,2025-01-23,2025.0,,Fashion,596.06,12.0,Retail,CUST1020
ORD100554,2024-03-25,2024.0,north,Home & Kitchen,4882.09,18.0,online,CUST1219
ORD100555,2024-07-12,2024.0,SOUTH,Fashion,4993.68,4.0,online,CUST1043
ORD100556,2024-05-02,2024.0,North,Home & Kitchen,4890.37,7.0,Retail,CUST1206
ORD100557,2024-05-05,2024.0,,Home & Kitchen,2988.57,13.0,Retail,CUST1207
ORD100558,2025-05-11,2025.0,North,Fashion,1192.57,1.0,Online,CUST1034
ORD100559,2025-05-25,2025.0,SOUTH,Fashion,3128.74,3.0,,CUST1238
ORD100560,2024-07-25,2024.0,north,Fashion,2725.62,,Online,CUST1060
ORD100561,2025-01-27,2025.0,North,Electronics,3314.08,6.0,online,CUST1159
ORD100562,2026-01-02,2026.0,West,Home & Kitchen,2719.99,18.0,Marketplace,CUST1200
ORD100563,2024-09-26,2024.0,East,,1636.39,,Online,CUST1187
ORD100564,2024-12-23,2024.0,SOUTH,Fashion,2169.33,14.0,Retail,CUST1125
ORD100565,2024-09-10,2024.0,SOUTH,Electronics,616.63,18.0,Retail,CUST1216
ORD100566,2025-08-04,,West,electronics ,,19.0,online,CUST1050
ORD100567,2026-04-07,2026.0,West,electronics ,3353.57,10.0,Retail,CUST1103
ORD100568,2025-05-23,2025.0,,electronics ,1362.52,19.0,online,CUST1047
ORD100569,2026-01-04,2026.0,North,electronics ,2402.58,3.0,Retail,CUST1153
ORD100570,2025-03-19,2025.0,East,electronics ,3374.22,1.0,,CUST1295
ORD100571,2025-05-26,2025.0,West,Fashion,2686.96,14.0,,CUST1030
ORD100572,2025-06-18,2025.0,SOUTH,Home & Kitchen,N/A,3.0,Marketplace,CUST1136
ORD100573,2026-04-23,2026.0,South,Grocery,792.31,,Retail,CUST1286
ORD100574,2025-03-22,2025.0,East,Home,,9.0,,CUST1021
ORD100575,,2026.0,North,Fashion,4342.5,14.0,Retail,CUST1046
ORD100576,2025-02-10,2025.0,North,electronics ,4668.03,19.0,,CUST1046
ORD100577,2024-08-31,2024.0,,electronics ,4038.92,14.0,Marketplace,CUST1089
ORD100578,2024-08-07,2024.0,north,Electronics,1904.79,11.0,,CUST1126
ORD100579,2024-10-11,2024.0,SOUTH,Fashion,154.32,20.0,Online,CUST1027
ORD100580,2025-12-08,2025.0,West,Fashion,3518.05,4.0,,CUST1226
,2025-02-01,2025.0,East,Fashion,4122.4,7.0,Marketplace,CUST1162
ORD100582,2026-04-11,2026.0,,Electronics,4705.45,14.0,Retail,CUST1051
ORD100583,2026-04-24,2026.0,West,electronics ,2761.25,1.0,Online,CUST1094
ORD100584,2025-10-07,,South,Home & Kitchen,N/A,8.0,,CUST1066
ORD100585,2026-05-17,2026.0,West,Grocery,N/A,19.0,Retail,CUST1101
ORD100586,2024-03-27,2024.0,,electronics ,4743.14,20.0,Marketplace,CUST1236
ORD100587,2024-07-22,2024.0,north,Grocery,788.79,6.0,,CUST1269
ORD100588,2025-03-21,2025.0,West,Electronics,1055.57,9.0,Retail,CUST1195
ORD100589,2024-05-13,2024.0,,Fashion,987.35,5.0,Online,CUST1134
ORD100590,2024-08-29,2024.0,SOUTH,Home & Kitchen,101.09,11.0,online,CUST1196
ORD100591,2025-12-26,2025.0,north,Electronics,4658.77,12.0,,CUST1023
ORD100592,2024-01-06,2024.0,West,Home & Kitchen,4841.89,19.0,Marketplace,CUST1257
ORD100593,2025-05-19,2025.0,East,Home & Kitchen,751.89,2.0,Marketplace,CUST1143
ORD100594,2026-02-04,2026.0,East,electronics ,4637.25,14.0,Marketplace,CUST1251
ORD100595,2026-02-21,2026.0,SOUTH,,985.15,6.0,Online,CUST1083
ORD100596,2025-12-23,2025.0,West,Electronics,4944.65,15.0,online,CUST1075
ORD100597,2024-05-06,2024.0,,Home,4121.73,19.0,Marketplace,CUST1002
ORD100598,2025-06-22,2025.0,South,,516.81,10.0,Online,CUST1054
ORD100599,2026-05-07,2026.0,SOUTH,Home & Kitchen,3160.37,1.0,Retail,CUST1231
ORD100600,2024-11-28,2024.0,,electronics ,4323.23,10.0,Retail,CUST1036
ORD100601,2025-07-14,2025.0,South,Home,4334.3,7.0,Marketplace,CUST1206
ORD100602,2024-10-18,2024.0,East,Grocery,3692.65,20.0,Marketplace,CUST1049
ORD100603,2026-05-02,2026.0,West,Grocery,3021.69,14.0,Retail,CUST1222
ORD100604,2025-10-07,2025.0,West,Home & Kitchen,3446.87,16.0,,CUST1268
ORD100605,2024-03-26,2024.0,West,Fashion,682.56,8.0,,CUST1291
ORD100606,2024-02-18,2024.0,north,Grocery,2350.05,9.0,Retail,CUST1041
ORD100607,2026-02-26,2026.0,South,,1995.14,10.0,Retail,CUST1232
ORD100608,2026-02-14,2026.0,,,966.18,20.0,Retail,CUST1054
ORD100609,,2025.0,South,Home & Kitchen,3474.44,20.0,online,CUST1184
ORD100610,2025-12-08,2025.0,East,Electronics,118.69,1.0,Marketplace,CUST1107
ORD100611,2025-05-07,2025.0,SOUTH,,995.03,15.0,Marketplace,CUST1011
ORD100612,2024-04-29,2024.0,West,Grocery,,8.0,Marketplace,CUST1200
ORD100613,2024-02-22,2024.0,West,Grocery,3698.54,18.0,Retail,CUST1204
ORD100614,2025-05-12,2025.0,,,3585.74,14.0,,CUST1032
ORD100615,2024-10-01,2024.0,West,electronics ,1766.48,1.0,Marketplace,CUST1098
ORD100616,2025-04-25,2025.0,SOUTH,Fashion,4274.6,15.0,Marketplace,CUST1199
ORD100617,2025-03-02,2025.0,,Grocery,4230.43,10.0,Online,CUST1066
ORD100618,2024-06-26,2024.0,West,Grocery,1086.69,1.0,Retail,CUST1182
ORD100619,2025-11-24,2025.0,North,,2181.57,4.0,,CUST1132
ORD100620,2024-12-14,2024.0,north,Fashion,4274.37,20.0,Online,CUST1224
ORD100621,2026-03-29,2026.0,North,,3921.67,18.0,Online,CUST1085
ORD100622,2025-10-07,2025.0,SOUTH,Fashion,3821.73,4.0,Marketplace,CUST1171
ORD100623,2026-04-18,2026.0,West,,1264.31,11.0,Retail,CUST1043
ORD100624,2024-09-29,2024.0,SOUTH,Home,3779.86,8.0,Marketplace,CUST1211
ORD100625,2025-02-23,2025.0,SOUTH,Fashion,2240.76,17.0,Online,CUST1161
ORD100626,2025-02-15,2025.0,,Electronics,3225.26,2.0,,CUST1214
ORD100627,2025-02-15,2025.0,SOUTH,Home & Kitchen,1753.58,17.0,,CUST1206
ORD100628,2025-04-01,2025.0,north,Home & Kitchen,N/A,13.0,Marketplace,CUST1043
ORD100629,2024-02-07,2024.0,South,electronics ,1455.44,18.0,Retail,CUST1081
,2024-01-24,2024.0,South,,3646.22,4.0,Online,CUST1132
ORD100631,2025-10-04,2025.0,North,Grocery,3697.45,8.0,,CUST1273
ORD100632,2026-05-14,2026.0,,,3378.55,17.0,Marketplace,CUST1264
ORD100633,2025-08-19,2025.0,South,Home & Kitchen,2089.66,14.0,Marketplace,CUST1228
ORD100634,2024-03-20,2024.0,north,,1355.28,14.0,online,CUST1250
ORD100635,2026-01-19,2026.0,South,Grocery,690.46,17.0,Online,CUST1233
ORD100636,2025-04-29,2025.0,North,electronics ,596.16,10.0,Online,CUST1060
ORD100637,2025-01-15,2025.0,North,,3929.77,10.0,Retail,CUST1250
ORD100638,2024-01-03,2024.0,West,Grocery,2850.53,13.0,online,CUST1067
ORD100639,2026-02-19,2026.0,SOUTH,Grocery,3652.93,20.0,,CUST1119
ORD100640,2025-02-08,2025.0,West,Home & Kitchen,488.22,1.0,,CUST1158
ORD100641,2025-07-28,2025.0,north,electronics ,311.73,7.0,online,CUST1009
ORD100642,2024-05-03,2024.0,East,,4156.97,19.0,online,CUST1273
ORD100643,2025-09-13,2025.0,North,Fashion,2103.94,11.0,online,CUST1058
ORD100644,2024-04-11,2024.0,,Electronics,4763.22,2.0,,CUST1092
ORD100645,2024-01-28,2024.0,South,Grocery,1326.77,4.0,Online,CUST1300
ORD100646,2024-08-30,2024.0,North,Fashion,2350.88,16.0,Online,CUST1119
ORD100647,2024-01-20,2024.0,South,,3936.81,14.0,online,CUST1256
ORD100648,2024-07-27,2024.0,South,,4765.43,18.0,online,CUST1237
ORD100649,2026-04-29,2026.0,North,Grocery,1291.9,12.0,Marketplace,CUST1261
ORD100650,2024-10-15,2024.0,East,Electronics,658.74,18.0,Retail,CUST1107
ORD100651,2025-09-17,2025.0,East,Home & Kitchen,3775.84,8.0,Retail,CUST1235
ORD100652,2025-09-05,2025.0,North,electronics ,4512.15,14.0,,CUST1250
ORD100653,2026-02-19,2026.0,SOUTH,Electronics,4468.23,15.0,Online,CUST1192
ORD100654,2026-04-27,2026.0,,Home & Kitchen,667.58,7.0,online,
,2026-01-30,2026.0,East,Home,3086.54,8.0,Marketplace,CUST1185
ORD100656,2024-02-07,2024.0,South,Electronics,4114.56,9.0,,CUST1087
ORD100657,2025-07-19,2025.0,north,electronics ,2961.41,5.0,Retail,CUST1116
ORD100658,2025-06-19,2025.0,North,Home & Kitchen,3091.56,15.0,Online,CUST1026
ORD100659,2026-05-24,2026.0,East,Electronics,2359.6,2.0,Marketplace,CUST1215
ORD100660,,2025.0,North,electronics ,4951.81,14.0,Online,CUST1100
ORD100661,2024-06-17,2024.0,North,Grocery,168.92,11.0,Retail,CUST1242
ORD100662,2024-09-01,2024.0,north,,410.91,15.0,Online,CUST1296
ORD100663,2024-05-07,2024.0,East,,3924.1,15.0,Online,CUST1221
ORD100664,2024-03-08,2024.0,,Grocery,3105.64,20.0,,
ORD100665,2025-01-28,2025.0,North,Fashion,3395.09,,,CUST1098
ORD100666,2024-04-20,2024.0,,,2887.4,9.0,Retail,CUST1227
ORD100667,2024-07-09,2024.0,East,electronics ,4800.72,10.0,,CUST1074
ORD100668,2024-05-30,2024.0,North,electronics ,3407.59,17.0,,CUST1216
ORD100669,2024-12-18,2024.0,,Electronics,3355.91,15.0,,CUST1296
ORD100670,2025-08-02,2025.0,South,Electronics,3956.5,8.0,Online,CUST1117
ORD100671,2025-04-22,2025.0,,Fashion,1910.76,1.0,Retail,
ORD100672,2025-01-01,2025.0,South,Home & Kitchen,3839.39,1.0,Marketplace,CUST1089
ORD100673,2024-08-12,2024.0,north,Home,156.39,4.0,Online,CUST1070
ORD100674,2025-01-23,2025.0,South,Fashion,N/A,6.0,,CUST1222
ORD100675,2025-12-29,2025.0,,Home,1922.07,20.0,online,CUST1125
ORD100676,2024-02-17,2024.0,East,,1273.5,9.0,Marketplace,CUST1299
ORD100677,2025-05-15,2025.0,SOUTH,electronics ,2567.64,17.0,Retail,CUST1237
ORD100678,2024-07-02,2024.0,SOUTH,Grocery,2926.87,19.0,Online,CUST1103
ORD100679,2025-04-07,2025.0,West,electronics ,4220.04,3.0,Marketplace,CUST1151
ORD100680,2025-03-31,2025.0,north,electronics ,2283.2,12.0,online,CUST1195
ORD100681,2024-01-26,2024.0,East,Electronics,2533.74,3.0,Retail,CUST1050
ORD100682,2024-05-01,2024.0,South,Home & Kitchen,1548.44,9.0,Marketplace,CUST1070
ORD100683,2026-05-25,2026.0,North,,4120.43,13.0,online,CUST1006
ORD100684,2025-04-28,2025.0,,Grocery,3630.51,8.0,,CUST1282
ORD100685,2026-02-14,2026.0,North,Fashion,2172.53,14.0,Marketplace,CUST1285
ORD100686,2024-01-31,2024.0,SOUTH,Electronics,3311.3,8.0,online,CUST1206
ORD100687,2026-02-20,2026.0,North,electronics ,4614.61,11.0,,CUST1293
ORD100688,2025-02-04,2025.0,north,Grocery,587.76,15.0,Retail,CUST1053
ORD100689,2025-11-22,2025.0,West,Electronics,393.98,10.0,Marketplace,CUST1268
ORD100690,2024-03-12,,East,,1985.97,5.0,,CUST1035
ORD100691,2025-02-02,2025.0,South,Fashion,3562.87,20.0,,CUST1300
ORD100692,2024-07-26,2024.0,North,Home,4131.68,8.0,,CUST1291
ORD100693,2025-05-17,2025.0,East,Home & Kitchen,2308.72,10.0,online,CUST1089
ORD100694,2025-03-01,2025.0,West,Grocery,958.05,13.0,Online,CUST1080
ORD100695,2024-10-07,2024.0,North,Home & Kitchen,4516.06,14.0,,CUST1188
ORD100696,2024-03-19,2024.0,West,Grocery,1076.49,1.0,Online,CUST1236
ORD100697,2025-01-25,2025.0,North,Electronics,3560.04,15.0,online,CUST1042
ORD100698,2025-07-15,2025.0,West,,848.76,20.0,Online,CUST1063
ORD100699,2025-07-01,2025.0,North,Home & Kitchen,2231.26,2.0,,CUST1024
ORD100700,2026-05-06,2026.0,SOUTH,Electronics,1576.21,1.0,Online,CUST1103
ORD100701,2024-09-12,2024.0,West,Electronics,1718.73,3.0,Marketplace,CUST1049
ORD100702,2026-03-27,2026.0,North,Grocery,4087.34,7.0,,CUST1277
ORD100703,2025-02-08,2025.0,East,Fashion,2040.59,13.0,Marketplace,CUST1033
ORD100704,2025-11-04,2025.0,North,Home,3849.35,4.0,,CUST1291
ORD100705,2024-06-24,2024.0,SOUTH,Home & Kitchen,4626.54,5.0,Retail,CUST1162
ORD100706,2026-05-21,,north,Grocery,3220.93,19.0,Online,CUST1063
ORD100707,2024-11-12,2024.0,North,Electronics,2518.7,13.0,Marketplace,CUST1121
ORD100708,2026-01-12,2026.0,East,Home,3235.83,17.0,online,CUST1147
,2026-02-07,2026.0,South,Home,4537.83,8.0,Marketplace,CUST1195
ORD100710,2025-06-17,,,Grocery,1002.7,5.0,Marketplace,CUST1088
ORD100711,2025-08-29,2025.0,north,Electronics,2362.02,7.0,Marketplace,CUST1127
ORD100712,2024-11-06,2024.0,East,,446.08,13.0,online,CUST1225
ORD100713,2025-03-08,2025.0,,,3821.55,3.0,Retail,CUST1078
ORD100714,2025-07-20,2025.0,West,Fashion,3049.83,5.0,online,CUST1097
,2024-01-05,2024.0,West,Grocery,4704.41,12.0,online,CUST1036
ORD100716,2025-02-22,2025.0,north,Home,2209.67,12.0,,CUST1188
ORD100717,2025-12-14,2025.0,South,Home,4611.27,1.0,Marketplace,CUST1233
ORD100718,2025-11-28,2025.0,SOUTH,,627.82,13.0,online,CUST1041
ORD100719,2025-06-14,2025.0,West,Fashion,2528.2,13.0,,CUST1210
ORD100720,2026-02-09,2026.0,SOUTH,electronics ,1754.74,7.0,online,CUST1003
ORD100721,,2024.0,SOUTH,Grocery,3289.88,6.0,Marketplace,CUST1068
ORD100722,2024-07-21,2024.0,north,,1044.66,7.0,Retail,CUST1209
ORD100723,2025-03-27,2025.0,South,Electronics,1919.76,11.0,Online,CUST1244
ORD100724,2025-05-11,2025.0,,Electronics,3956.58,7.0,,CUST1192
ORD100725,2025-09-09,2025.0,West,Grocery,3041.64,11.0,Retail,CUST1184
ORD100726,2025-11-12,2025.0,,Fashion,65.27,13.0,Marketplace,
ORD100727,2024-05-05,2024.0,,Home,3110.84,16.0,,CUST1096
ORD100728,2024-01-04,2024.0,North,Home & Kitchen,276.48,11.0,online,CUST1248
ORD100729,2025-02-13,2025.0,West,Home & Kitchen,4530.75,10.0,,CUST1073
ORD100730,2025-06-16,2025.0,North,Home,481.09,18.0,online,CUST1228
ORD100731,2024-04-28,2024.0,South,,3514.55,1.0,Marketplace,CUST1167
ORD100732,2025-01-27,2025.0,West,Home & Kitchen,721.99,16.0,Online,CUST1170
ORD100733,2024-08-17,2024.0,SOUTH,Fashion,3601.34,13.0,,CUST1223
ORD100734,2026-04-07,2026.0,North,Electronics,2981.39,4.0,,CUST1160
ORD100735,,2025.0,north,Home,4900.26,12.0,Marketplace,CUST1113
ORD100736,2024-04-19,2024.0,South,,4194.22,15.0,Marketplace,CUST1074
ORD100737,2026-02-03,2026.0,north,Fashion,4952.16,19.0,online,CUST1110
ORD100738,2025-05-21,2025.0,,Fashion,3597.99,8.0,Online,CUST1091
ORD100739,2026-05-27,2026.0,SOUTH,,156.75,14.0,online,CUST1200
ORD100740,2025-02-04,2025.0,South,Home & Kitchen,1999.17,19.0,Online,CUST1155
ORD100741,2025-04-13,2025.0,West,Fashion,1088.34,7.0,Online,CUST1294
ORD100742,2024-04-14,2024.0,West,Home & Kitchen,4633.63,16.0,Marketplace,CUST1060
ORD100743,2025-06-11,2025.0,SOUTH,Home & Kitchen,218.26,16.0,Retail,CUST1088
ORD100744,2025-10-30,2025.0,SOUTH,Home & Kitchen,2345.19,13.0,Retail,CUST1227
,2025-01-11,2025.0,SOUTH,Home & Kitchen,1163.43,19.0,online,CUST1048
ORD100746,2026-03-24,2026.0,SOUTH,Grocery,N/A,18.0,Marketplace,CUST1010
ORD100747,2025-02-07,2025.0,West,Electronics,2944.37,4.0,Marketplace,CUST1060
ORD100748,2024-07-04,,West,,243.76,6.0,Online,CUST1017
ORD100749,2024-03-27,2024.0,north,Home,4728.88,,Retail,CUST1265
ORD100750,2026-03-12,2026.0,West,Home & Kitchen,4558.38,20.0,,CUST1050
ORD100751,2025-11-09,2025.0,East,,4789.24,7.0,,CUST1065
ORD100752,2026-01-16,2026.0,West,Home & Kitchen,2030.29,9.0,online,CUST1073
ORD100753,2025-07-02,2025.0,SOUTH,Home & Kitchen,3586.5,17.0,,CUST1078
ORD100754,2024-11-19,,north,Home,666.88,18.0,online,CUST1045
ORD100755,2025-01-06,2025.0,,Home,534.84,8.0,online,CUST1063
ORD100756,2024-06-28,2024.0,,Grocery,1777.06,10.0,,CUST1050
ORD100757,2024-02-19,2024.0,East,,4841.6,20.0,online,CUST1065
,2024-09-22,2024.0,South,Home,3690.34,12.0,Marketplace,CUST1214
ORD100759,2025-12-24,2025.0,West,electronics ,4765.45,8.0,Retail,CUST1044
ORD100760,2024-11-08,2024.0,North,Electronics,4727.09,2.0,Online,CUST1283
ORD100761,,2025.0,SOUTH,electronics ,725.32,18.0,Online,CUST1097
ORD100762,2026-05-01,2026.0,SOUTH,Fashion,3707.97,17.0,,CUST1229
ORD100763,2024-06-21,2024.0,South,Home,4205.07,2.0,online,CUST1087
ORD100764,2025-01-17,2025.0,,electronics ,4296.14,16.0,Retail,CUST1001
ORD100765,2026-01-25,2026.0,SOUTH,electronics ,225.37,20.0,online,CUST1003
ORD100766,2025-09-22,2025.0,East,Home & Kitchen,1804.94,16.0,Marketplace,CUST1263
ORD100767,2024-06-06,,,Home & Kitchen,2379.96,12.0,online,CUST1274
ORD100768,2026-04-11,2026.0,West,Home,3748.1,,Marketplace,CUST1145
ORD100769,2024-02-11,2024.0,North,Home,4744.46,9.0,Online,CUST1281
ORD100770,2025-05-22,2025.0,,,2534.2,13.0,Marketplace,CUST1055
,2026-03-22,2026.0,,Home & Kitchen,3407.64,20.0,Online,CUST1148
ORD100772,2024-10-15,2024.0,South,Home & Kitchen,1284.86,9.0,Marketplace,CUST1219
ORD100773,2024-07-22,2024.0,SOUTH,electronics ,983.91,5.0,Marketplace,CUST1205
ORD100774,2024-02-09,2024.0,North,electronics ,4328.53,17.0,Retail,CUST1118
ORD100775,2024-08-15,2024.0,SOUTH,Electronics,1382.77,12.0,online,CUST1024
ORD100776,2024-07-05,2024.0,South,Fashion,4546.99,6.0,Retail,CUST1186
ORD100777,2024-12-08,,north,,1689.5,12.0,,CUST1190
ORD100778,2024-08-31,2024.0,North,Home,3029.08,7.0,Marketplace,CUST1050
ORD100779,2024-03-17,2024.0,West,,3617.81,7.0,online,CUST1129
ORD100780,2026-02-16,2026.0,East,Grocery,631.27,16.0,online,CUST1257
,2026-03-20,2026.0,South,Fashion,,7.0,online,CUST1272
ORD100782,2025-06-09,2025.0,West,electronics ,2034.2,6.0,Online,CUST1111
ORD100783,2025-08-29,2025.0,West,electronics ,2649.11,8.0,Retail,CUST1282
ORD100784,2024-05-01,2024.0,North,Home & Kitchen,4423.83,9.0,Online,CUST1127
ORD100785,2026-04-23,2026.0,SOUTH,electronics ,1656.58,18.0,Retail,CUST1209
ORD100786,2025-09-18,2025.0,North,,3665.86,9.0,Online,CUST1298
ORD100787,2024-04-18,2024.0,East,,3041.49,15.0,Marketplace,CUST1104
ORD100788,2025-08-18,2025.0,West,Home,2197.82,16.0,Online,CUST1235
ORD100789,2024-07-08,2024.0,SOUTH,Home,154.18,6.0,online,CUST1096
ORD100790,2024-03-12,2024.0,SOUTH,Grocery,2657.55,1.0,,CUST1196
ORD100791,,2024.0,North,Home,463.8,20.0,Online,CUST1004
ORD100792,2026-03-21,2026.0,SOUTH,Electronics,N/A,15.0,Marketplace,CUST1245
ORD100793,2024-06-07,2024.0,north,Electronics,,18.0,Retail,CUST1212
,2024-05-25,2024.0,West,Home,1469.89,13.0,Online,CUST1056
ORD100795,2024-08-17,2024.0,north,Fashion,4620.43,2.0,,CUST1219
ORD100796,2025-06-27,2025.0,SOUTH,Home & Kitchen,4096.93,4.0,Retail,CUST1188
ORD100797,2024-09-28,2024.0,North,,785.78,11.0,Marketplace,CUST1244
ORD100798,2026-04-14,2026.0,East,Home,4974.12,13.0,Retail,CUST1217
ORD100799,2025-05-07,2025.0,East,Home,3287.07,14.0,,CUST1273
ORD100800,2025-05-19,2025.0,north,Home & Kitchen,2910.49,8.0,Online,CUST1001
ORD100801,,2024.0,South,Electronics,1779.27,5.0,Retail,CUST1282
ORD100802,2025-03-07,2025.0,South,Electronics,3534.62,1.0,online,CUST1054
ORD100803,2025-11-09,2025.0,South,Electronics,749.32,1.0,,CUST1213
ORD100804,2024-06-02,2024.0,north,Home & Kitchen,2377.41,15.0,Online,CUST1079
ORD100805,2024-03-02,2024.0,north,Home,,15.0,,CUST1132
ORD100806,2025-08-08,2025.0,South,Fashion,2631.43,5.0,Marketplace,CUST1028
ORD100807,2024-08-12,2024.0,north,,3477.51,13.0,online,CUST1190
ORD100808,2025-10-24,2025.0,East,electronics ,1710.58,6.0,,CUST1108
,2025-09-03,2025.0,South,Home & Kitchen,1239.66,19.0,,CUST1247
ORD100810,2024-02-16,2024.0,East,,2020.78,13.0,Retail,CUST1049
ORD100811,2024-12-05,2024.0,,,2956.52,19.0,Online,CUST1077
ORD100812,2025-11-29,2025.0,SOUTH,Home,4047.01,6.0,,CUST1267
ORD100813,2026-02-26,2026.0,East,electronics ,2182.96,13.0,Marketplace,CUST1038
ORD100814,2024-06-05,2024.0,North,Home,1582.23,3.0,online,CUST1160
ORD100815,2024-06-22,2024.0,East,Fashion,936.97,9.0,online,CUST1226
ORD100816,2025-10-27,2025.0,West,Electronics,1468.79,20.0,Marketplace,CUST1262
ORD100817,2026-05-15,2026.0,West,electronics ,4393.17,2.0,,CUST1029
ORD100818,2026-01-28,2026.0,South,,1910.32,3.0,Marketplace,CUST1236
ORD100819,2025-11-16,2025.0,,Grocery,942.35,13.0,online,CUST1168
ORD100820,2024-03-07,2024.0,SOUTH,Home & Kitchen,1427.96,,Marketplace,CUST1074
ORD100821,2025-10-17,2025.0,,Grocery,4052.24,16.0,Marketplace,CUST1011
ORD100822,2026-02-15,2026.0,North,Home,2055.09,15.0,online,CUST1132
ORD100823,2024-07-07,2024.0,East,,1033.1,16.0,online,CUST1082
ORD100824,2025-12-14,2025.0,,Electronics,N/A,19.0,,CUST1162
ORD100825,2024-01-15,2024.0,,Fashion,4851.38,17.0,Online,CUST1064
ORD100826,2025-10-11,2025.0,South,Home & Kitchen,2129.87,6.0,,CUST1178
ORD100827,2024-08-02,2024.0,North,Fashion,130.15,17.0,Online,CUST1233
ORD100828,2025-02-27,2025.0,north,,4635.43,12.0,Marketplace,CUST1083
ORD100829,2025-07-09,2025.0,SOUTH,Grocery,3525.36,4.0,Online,CUST1053
ORD100830,2024-04-01,2024.0,West,Home & Kitchen,4639.78,15.0,,CUST1016
ORD100831,2025-11-14,2025.0,West,electronics ,1018.02,4.0,Retail,CUST1237
ORD100832,2025-02-26,2025.0,West,Electronics,3921.87,9.0,Retail,CUST1212
ORD100833,2025-11-20,2025.0,North,Electronics,1903.31,20.0,Retail,CUST1292
ORD100834,2025-03-16,2025.0,SOUTH,Grocery,4016.59,5.0,online,CUST1088
ORD100835,2025-02-16,2025.0,North,Home & Kitchen,2546.07,13.0,Retail,CUST1081
ORD100836,2024-11-26,2024.0,SOUTH,,187.7,3.0,,CUST1066
ORD100837,2025-04-09,2025.0,SOUTH,Home,2700.32,13.0,Retail,CUST1140
ORD100838,2024-03-25,2024.0,north,,2322.68,4.0,Marketplace,CUST1092
ORD100839,2024-04-05,2024.0,South,Grocery,3987.44,16.0,Online,CUST1214
ORD100840,2025-01-19,2025.0,South,Home,4523.01,20.0,Online,CUST1175
ORD100841,2024-12-21,2024.0,South,electronics ,4636.59,1.0,,
ORD100842,2025-06-08,2025.0,South,Electronics,1137.82,5.0,Retail,CUST1102
ORD100843,2024-04-04,2024.0,SOUTH,,2587.65,7.0,Retail,CUST1143
ORD100844,2025-02-06,2025.0,South,,3624.2,15.0,online,CUST1139
ORD100845,2026-04-15,2026.0,South,electronics ,4494.58,15.0,Marketplace,CUST1261
ORD100846,2024-09-16,2024.0,SOUTH,electronics ,198.2,11.0,online,CUST1183
ORD100847,2024-09-08,2024.0,,Fashion,1627.02,,Retail,CUST1290
ORD100848,2026-03-25,2026.0,East,electronics ,1126.44,20.0,Online,CUST1215
ORD100849,2025-11-29,2025.0,South,Electronics,2518.32,14.0,Online,CUST1087
ORD100850,2025-09-07,2025.0,East,Electronics,4287.71,15.0,Retail,CUST1206
ORD100851,2024-02-07,2024.0,SOUTH,Electronics,520.84,10.0,Retail,CUST1177
ORD100852,2025-02-13,2025.0,North,Grocery,4920.64,4.0,Retail,CUST1052
ORD100853,2024-01-30,2024.0,East,,2206.63,7.0,Retail,CUST1275
ORD100854,2024-01-06,2024.0,,Electronics,4738.37,11.0,,CUST1194
ORD100855,2024-10-03,2024.0,North,Home,782.61,14.0,online,CUST1267
ORD100856,2025-06-24,2025.0,East,Fashion,2439.4,10.0,Online,CUST1124
ORD100857,2025-11-06,2025.0,North,Grocery,114.98,13.0,Marketplace,CUST1174
ORD100858,2024-08-01,2024.0,East,,3557.14,17.0,Online,CUST1112
ORD100859,2025-01-07,2025.0,South,,389.76,10.0,,CUST1075
ORD100860,2025-04-17,2025.0,West,Home,2407.39,12.0,Retail,CUST1281
ORD100861,2024-03-27,2024.0,West,electronics ,2234.64,2.0,online,CUST1216
ORD100862,2024-07-17,2024.0,north,electronics ,2196.15,8.0,Online,CUST1027
ORD100863,2024-02-06,2024.0,East,Home,3512.59,13.0,Online,CUST1137
ORD100864,2025-05-22,2025.0,East,Home & Kitchen,3682.72,17.0,,CUST1156
ORD100865,2026-05-23,2026.0,North,Home,4504.35,1.0,online,CUST1010
ORD100866,2024-06-30,2024.0,,,,16.0,,
ORD100867,2024-09-10,,SOUTH,Fashion,2650.08,5.0,Online,CUST1171
ORD100868,2025-04-08,2025.0,SOUTH,Grocery,2320.82,10.0,Retail,CUST1247
ORD100869,2024-04-25,2024.0,South,Grocery,3313.87,16.0,Online,CUST1220
ORD100870,2025-01-03,2025.0,West,Home & Kitchen,1405.92,18.0,online,CUST1269
ORD100871,2024-06-28,2024.0,West,electronics ,4970.02,2.0,,CUST1175
ORD100872,2026-05-04,2026.0,,,595.44,,Marketplace,CUST1076
ORD100873,2025-06-19,2025.0,East,Grocery,4008.94,,Online,CUST1063
ORD100874,,2024.0,,Electronics,,10.0,,CUST1287
ORD100875,2024-06-07,2024.0,SOUTH,Home,4595.39,2.0,online,CUST1127
ORD100876,2026-04-11,2026.0,North,Fashion,3005.34,14.0,Retail,CUST1071
ORD100877,2025-11-30,2025.0,South,Fashion,1521.8,15.0,,CUST1223
ORD100878,2024-04-08,2024.0,SOUTH,Home & Kitchen,1803.26,14.0,online,
,2025-07-26,2025.0,South,electronics ,3943.83,12.0,Marketplace,CUST1289
ORD100880,2024-10-27,2024.0,SOUTH,Electronics,3826.83,2.0,Online,CUST1054
ORD100881,2024-12-07,2024.0,SOUTH,Fashion,651.14,17.0,Online,CUST1264
ORD100882,2024-05-27,2024.0,SOUTH,Home & Kitchen,1539.42,1.0,online,CUST1102
ORD100883,2024-04-27,2024.0,north,Electronics,562.85,,,CUST1028
ORD100884,2024-05-04,2024.0,South,,1338.34,15.0,,CUST1074
,2025-10-13,2025.0,South,Home,3513.16,16.0,Retail,CUST1051
ORD100886,2025-08-25,2025.0,SOUTH,,2113.64,1.0,Retail,CUST1288
,2025-02-02,2025.0,SOUTH,electronics ,4545.14,5.0,online,CUST1234
,2024-10-10,2024.0,,electronics ,4517.63,17.0,Online,CUST1077
ORD100889,2024-12-26,2024.0,,,N/A,13.0,Online,CUST1247
ORD100890,2025-01-20,2025.0,SOUTH,electronics ,2650.9,11.0,,CUST1178
ORD100891,2025-08-21,2025.0,,Home & Kitchen,527.88,16.0,Retail,CUST1121
ORD100892,2024-04-17,2024.0,,Grocery,356.54,2.0,Online,CUST1191
ORD100893,2025-09-13,2025.0,North,Home & Kitchen,709.42,18.0,Marketplace,CUST1251
ORD100894,2025-03-24,2025.0,West,,3960.52,1.0,Online,CUST1071
ORD100895,2024-01-06,2024.0,North,Fashion,3663.39,17.0,online,CUST1106
ORD100896,2025-08-07,2025.0,north,,382.42,13.0,Online,CUST1065
ORD100897,2026-03-12,2026.0,North,electronics ,161.59,10.0,Retail,CUST1183
ORD100898,2024-03-10,2024.0,north,electronics ,2612.91,10.0,online,CUST1279
ORD100899,2025-12-15,2025.0,East,Home & Kitchen,,9.0,Marketplace,CUST1030
ORD100900,2024-05-22,2024.0,,Home & Kitchen,358.53,19.0,,CUST1018
ORD100901,2024-12-20,2024.0,north,Electronics,2419.92,2.0,Online,CUST1259
ORD100902,2024-08-18,2024.0,,Home,,7.0,,CUST1194
ORD100903,,2025.0,West,,669.93,18.0,Marketplace,CUST1060
ORD100904,2025-09-22,2025.0,West,Electronics,505.35,,online,CUST1274
ORD100905,2025-08-04,2025.0,South,,N/A,10.0,Online,CUST1125
ORD100906,2024-10-26,2024.0,SOUTH,Electronics,4694.93,12.0,Marketplace,CUST1154
ORD100907,2025-01-10,2025.0,north,Fashion,N/A,12.0,online,CUST1248
ORD100908,2024-10-13,2024.0,north,Home,2787.18,5.0,Online,CUST1225
ORD100909,2025-10-27,,,Electronics,2961.79,3.0,Online,CUST1196
,2025-05-22,2025.0,South,Home,3316.63,10.0,Online,CUST1178
ORD100911,2024-01-27,2024.0,,Fashion,2975.25,11.0,,CUST1218
ORD100912,2026-03-12,2026.0,North,electronics ,3620.42,18.0,online,CUST1290
ORD100913,2026-02-26,2026.0,SOUTH,Home,125.16,9.0,Online,CUST1277
ORD100914,2024-10-29,2024.0,East,Fashion,3923.01,20.0,Online,CUST1291
ORD100915,2025-11-07,2025.0,West,Electronics,2358.88,16.0,,CUST1029
ORD100916,2025-08-16,2025.0,East,Electronics,1327.13,9.0,online,CUST1089
ORD100917,2024-05-30,2024.0,SOUTH,Electronics,2558.26,11.0,Online,CUST1116
ORD100918,2024-03-03,2024.0,North,Home & Kitchen,4254.57,2.0,,CUST1055
ORD100919,2024-03-20,2024.0,South,Fashion,4154.23,3.0,online,CUST1073
ORD100920,2024-01-26,2024.0,West,Home & Kitchen,4715.27,1.0,Marketplace,CUST1148
ORD100921,2024-06-02,2024.0,,Fashion,3915.33,19.0,Retail,CUST1193
ORD100922,2026-04-30,2026.0,,Home & Kitchen,432.69,8.0,,CUST1294
ORD100923,2025-10-07,2025.0,,electronics ,3055.15,17.0,online,CUST1099
ORD100924,2026-05-06,2026.0,,,1192.91,4.0,Marketplace,CUST1209
ORD100925,2025-01-05,2025.0,East,Home & Kitchen,1190.23,8.0,,CUST1064
ORD100926,2025-07-04,2025.0,SOUTH,Home,3989.49,4.0,Online,CUST1258
ORD100927,2024-05-31,2024.0,South,Grocery,,9.0,,CUST1240
ORD100928,2026-01-30,2026.0,North,Home & Kitchen,411.42,17.0,online,CUST1181
ORD100929,2024-05-10,2024.0,North,Fashion,4496.85,20.0,Online,CUST1023
ORD100930,2024-03-16,2024.0,West,Home & Kitchen,4182.28,16.0,Marketplace,CUST1260
ORD100931,,2024.0,SOUTH,Home & Kitchen,1636.16,19.0,Retail,CUST1049
ORD100932,2024-08-25,2024.0,north,electronics ,4643.82,13.0,Retail,CUST1073
ORD100933,2024-02-12,2024.0,South,Grocery,2896.93,4.0,Retail,CUST1060
ORD100934,2024-10-21,2024.0,East,Fashion,3779.67,9.0,Marketplace,CUST1282
ORD100935,2026-05-08,2026.0,North,electronics ,1015.91,1.0,Retail,CUST1292
ORD100936,2025-03-12,2025.0,East,Electronics,4599.96,14.0,online,CUST1070
ORD100937,2024-10-12,2024.0,North,Home & Kitchen,3650.44,17.0,Retail,CUST1262
ORD100938,2025-11-19,2025.0,North,Grocery,N/A,7.0,,CUST1018
ORD100939,2025-10-11,2025.0,,Home,1363.17,6.0,online,CUST1101
ORD100940,2025-10-12,2025.0,SOUTH,Home,,18.0,,CUST1091
ORD100941,2024-02-09,2024.0,north,Home,2446.95,6.0,Retail,CUST1149
ORD100942,2025-11-15,2025.0,East,electronics ,527.84,10.0,online,CUST1166
ORD100943,2024-09-10,2024.0,East,Home & Kitchen,3499.99,16.0,online,CUST1120
ORD100944,2024-01-30,2024.0,,Grocery,N/A,11.0,online,CUST1226
ORD100945,2025-03-11,2025.0,SOUTH,Home,4101.7,14.0,Marketplace,CUST1085
ORD100946,2025-07-02,2025.0,north,electronics ,3044.56,,Online,CUST1046
ORD100947,2026-03-10,2026.0,north,Electronics,2617.31,7.0,Marketplace,CUST1202
ORD100948,2026-05-30,2026.0,East,Fashion,2787.11,1.0,Online,CUST1269
ORD100949,2024-04-14,2024.0,East,Fashion,,8.0,Online,CUST1063
ORD100950,2026-04-12,2026.0,SOUTH,Fashion,428.81,14.0,Online,
ORD100951,2026-04-30,2026.0,north,,4165.78,11.0,online,CUST1011
ORD100952,2024-11-05,2024.0,SOUTH,electronics ,1491.63,14.0,,CUST1145
ORD100953,2025-12-20,,West,Home & Kitchen,1895.05,4.0,online,CUST1012
ORD100954,2025-02-10,2025.0,North,Home & Kitchen,761.67,3.0,Online,CUST1106
ORD100955,2025-05-16,2025.0,,Grocery,4206.27,2.0,online,CUST1159
ORD100956,2026-01-28,2026.0,north,electronics ,77.58,18.0,online,CUST1160
ORD100957,2025-10-29,2025.0,north,,3678.69,14.0,Online,CUST1006
ORD100958,2024-06-14,2024.0,,Electronics,,6.0,,CUST1280
ORD100959,2025-03-04,2025.0,East,Home & Kitchen,3399.58,20.0,Retail,CUST1084
ORD100960,2024-05-24,2024.0,SOUTH,Fashion,1293.63,11.0,Marketplace,CUST1242
ORD100961,2024-01-11,2024.0,North,Fashion,1036.37,15.0,Retail,CUST1239
ORD100962,2025-08-31,2025.0,South,Fashion,4643.0,14.0,,CUST1188
ORD100963,2025-10-01,2025.0,SOUTH,Home & Kitchen,2983.56,7.0,Retail,CUST1288
ORD100964,2024-04-14,2024.0,West,Fashion,N/A,20.0,online,CUST1001
ORD100965,2026-03-13,2026.0,north,Home,2403.55,,Online,CUST1026
ORD100966,2024-05-20,2024.0,East,Fashion,630.62,13.0,online,CUST1181
ORD100967,2024-11-15,2024.0,north,,872.28,9.0,Marketplace,CUST1286
ORD100968,2025-03-28,2025.0,north,Grocery,931.16,15.0,Retail,CUST1109
ORD100969,2025-09-23,2025.0,West,Fashion,3750.76,,online,CUST1099
ORD100970,2024-01-06,2024.0,East,electronics ,3053.53,,Retail,CUST1203
ORD100971,2024-02-14,2024.0,North,electronics ,4322.77,20.0,online,CUST1242
ORD100972,2026-02-06,2026.0,North,Fashion,,5.0,Marketplace,CUST1067
ORD100973,2024-03-25,2024.0,SOUTH,Home & Kitchen,532.5,7.0,,CUST1170
ORD100974,2026-05-07,2026.0,South,electronics ,1862.97,,online,CUST1031
ORD100975,2024-03-07,2024.0,East,Electronics,270.32,17.0,online,CUST1001
ORD100976,2024-11-14,2024.0,north,,2852.64,4.0,Online,CUST1044
ORD100977,2024-07-09,,South,,,15.0,Online,CUST1126
ORD100978,2024-11-11,2024.0,South,Home & Kitchen,707.04,10.0,Marketplace,CUST1289
ORD100979,2024-11-19,2024.0,South,Home,1333.8,3.0,online,CUST1186
ORD100980,2024-12-23,2024.0,SOUTH,,4750.84,5.0,,CUST1222
ORD100981,2024-12-21,2024.0,East,Home & Kitchen,2780.48,9.0,Online,CUST1107
ORD100982,2024-09-21,2024.0,north,Home & Kitchen,2402.29,11.0,Retail,CUST1017
ORD100983,2024-11-26,2024.0,North,Home,1706.83,4.0,Marketplace,CUST1156
ORD100984,2024-06-15,,,electronics ,2901.03,13.0,online,CUST1129
ORD100985,2026-01-10,2026.0,East,Electronics,4393.29,17.0,Online,CUST1137
ORD100986,2025-08-14,2025.0,East,electronics ,4717.09,19.0,Marketplace,CUST1170
ORD100987,2026-03-18,2026.0,,Home,2320.63,1.0,Marketplace,CUST1088
ORD100988,2024-11-04,2024.0,West,Electronics,812.98,12.0,Online,CUST1176
ORD100989,2024-04-12,2024.0,West,Home & Kitchen,2344.25,4.0,online,CUST1068
ORD100990,2025-02-13,2025.0,SOUTH,,1999.56,16.0,,
ORD100991,2025-09-15,2025.0,north,,,13.0,Online,CUST1070
ORD100992,2025-05-26,2025.0,East,Grocery,2157.27,13.0,online,CUST1215
ORD100993,2024-07-02,2024.0,West,,3446.02,13.0,Online,CUST1065
ORD100994,2025-08-11,,SOUTH,Home & Kitchen,3868.23,9.0,Online,CUST1230
ORD100995,2025-05-29,2025.0,north,Fashion,935.26,13.0,Online,CUST1172
ORD100996,2025-12-25,2025.0,SOUTH,,290.29,4.0,online,CUST1025
ORD100997,2025-09-05,2025.0,East,,2736.61,12.0,online,
ORD100998,2024-11-28,2024.0,SOUTH,Electronics,2011.26,18.0,Online,CUST1074
ORD100999,2025-10-10,2025.0,West,Home & Kitchen,4597.94,17.0,,CUST1039
ORD101000,2024-11-30,2024.0,SOUTH,,1940.47,3.0,Retail,CUST1154
ORD101001,2025-03-08,2025.0,SOUTH,Home & Kitchen,442.45,4.0,Marketplace,CUST1155
ORD101002,2025-09-22,2025.0,,Electronics,2390.95,14.0,Retail,CUST1095
ORD101003,2024-10-10,2024.0,South,Home & Kitchen,75.0,14.0,Marketplace,CUST1236
ORD101004,2025-09-05,2025.0,South,Electronics,1144.24,20.0,online,CUST1168
ORD101005,2025-07-08,,East,Fashion,2249.7,16.0,Marketplace,CUST1087
ORD101006,2025-11-20,2025.0,north,Electronics,2828.56,7.0,,CUST1149
ORD101007,2026-02-07,,north,electronics ,1790.55,1.0,Retail,CUST1251
ORD101008,2024-08-28,2024.0,,Electronics,1130.61,19.0,Retail,CUST1081
ORD101009,2026-02-24,2026.0,West,Fashion,2119.99,11.0,Retail,CUST1162
ORD101010,2025-05-29,2025.0,West,,4139.39,6.0,online,CUST1272
ORD101011,2026-04-29,2026.0,North,Grocery,2119.59,7.0,Online,CUST1070
ORD101012,2025-09-16,2025.0,SOUTH,Grocery,1658.85,19.0,online,CUST1189
ORD101013,2024-01-24,2024.0,north,electronics ,4259.03,12.0,Marketplace,CUST1102
ORD101014,2024-11-26,2024.0,north,Grocery,3434.17,8.0,Marketplace,CUST1256
ORD101015,2025-10-18,2025.0,South,Home,4814.25,,Online,CUST1208
ORD101016,2025-06-16,2025.0,West,Fashion,2709.84,20.0,,CUST1224
ORD101017,2025-05-07,2025.0,,,247.54,17.0,online,CUST1063
ORD101018,2024-04-16,2024.0,,,886.32,11.0,Marketplace,CUST1247
ORD101019,2024-08-03,2024.0,West,Home & Kitchen,1261.41,10.0,online,CUST1230
ORD101020,2025-12-17,2025.0,South,Home,178.41,19.0,Retail,CUST1157
ORD101021,2026-01-03,2026.0,West,Home & Kitchen,3731.48,5.0,,CUST1196
ORD101022,2024-09-20,2024.0,East,Home,1334.13,17.0,online,CUST1087
ORD101023,2024-12-18,2024.0,north,Fashion,4634.11,17.0,online,CUST1194
ORD101024,2024-01-15,2024.0,South,Home,3062.77,4.0,Marketplace,CUST1235
ORD101025,2025-08-06,2025.0,,,2644.39,7.0,Retail,CUST1204
ORD101026,2025-10-03,2025.0,north,electronics ,2711.76,2.0,online,CUST1126
ORD101027,2024-09-07,2024.0,SOUTH,,3463.71,2.0,,CUST1142
ORD101028,2024-04-03,2024.0,South,electronics ,1078.27,19.0,online,CUST1274
ORD101029,2026-03-11,2026.0,West,Electronics,2406.38,19.0,Marketplace,CUST1153
,2025-08-05,2025.0,SOUTH,Grocery,1014.25,20.0,online,CUST1128
ORD101031,2026-02-11,2026.0,East,electronics ,1454.59,9.0,,CUST1140
ORD101032,2025-11-25,2025.0,,Home,1630.08,16.0,online,CUST1033
ORD101033,2026-02-17,2026.0,West,Fashion,2716.02,4.0,Marketplace,CUST1256
ORD101034,2024-11-08,2024.0,East,electronics ,3375.84,7.0,online,CUST1080
ORD101035,2025-09-16,2025.0,West,Home & Kitchen,2113.7,8.0,Retail,CUST1155
ORD101036,2025-01-14,2025.0,SOUTH,Fashion,2155.22,14.0,Online,CUST1206
ORD101037,2024-02-26,2024.0,West,,4101.74,9.0,Retail,CUST1012
ORD101038,2024-11-25,2024.0,SOUTH,Home,3106.9,9.0,Online,CUST1082
ORD101039,2024-11-29,2024.0,North,,3454.61,16.0,Marketplace,CUST1300
ORD101040,2025-01-19,2025.0,north,Fashion,1456.96,3.0,Retail,CUST1211
ORD101041,2026-04-24,2026.0,South,electronics ,1263.87,9.0,,CUST1149
,2025-12-07,2025.0,,Home & Kitchen,1604.11,15.0,Marketplace,CUST1239
ORD101043,2024-08-21,2024.0,SOUTH,Fashion,3750.87,,Online,CUST1218
ORD101044,2025-02-09,2025.0,North,electronics ,2850.29,17.0,Retail,CUST1251
ORD101045,2024-10-16,2024.0,north,Electronics,3913.91,17.0,Online,CUST1239
ORD101046,2025-09-16,2025.0,SOUTH,Grocery,2355.29,5.0,Retail,CUST1294
ORD101047,2024-12-13,2024.0,West,Electronics,1504.38,13.0,Online,
ORD101048,2024-11-26,2024.0,SOUTH,,2315.88,19.0,Retail,CUST1295
ORD101049,2024-06-05,2024.0,North,Electronics,4725.25,,Marketplace,CUST1035
ORD101050,2024-12-01,2024.0,South,Fashion,4955.47,7.0,Retail,
ORD101051,2025-03-26,,,Home & Kitchen,1082.49,15.0,online,CUST1194
ORD101052,2025-08-27,2025.0,north,Home & Kitchen,856.27,16.0,,CUST1162
ORD101053,2025-03-01,2025.0,East,Grocery,604.36,1.0,online,CUST1204
ORD101054,2026-05-28,2026.0,North,Grocery,3277.41,3.0,online,CUST1008
ORD101055,2024-10-08,2024.0,,Home,95.91,5.0,online,CUST1031
ORD101056,2025-09-02,2025.0,East,electronics ,829.54,17.0,Marketplace,CUST1092
ORD101057,2025-01-08,2025.0,West,Home,3145.3,9.0,,CUST1013
,2024-12-05,2024.0,South,Grocery,,20.0,,CUST1051
ORD101059,2024-01-16,2024.0,North,Electronics,2348.94,18.0,online,CUST1000
ORD101060,2024-11-14,2024.0,East,Home & Kitchen,4786.68,4.0,online,CUST1292
ORD101061,2024-07-19,2024.0,South,Home,3728.77,10.0,,CUST1115
ORD101062,2024-09-13,2024.0,West,Home & Kitchen,2608.68,9.0,Marketplace,CUST1191
ORD101063,2025-11-08,2025.0,SOUTH,,287.69,6.0,Online,CUST1017
ORD101064,2026-05-05,2026.0,north,Grocery,1752.31,19.0,online,CUST1109
ORD101065,2025-04-09,2025.0,East,Home & Kitchen,4623.23,6.0,Retail,CUST1249
ORD101066,2026-03-01,2026.0,East,,362.43,1.0,,CUST1116
ORD101067,2025-04-13,2025.0,South,,2290.2,3.0,,CUST1261
ORD101068,2024-07-18,2024.0,South,Home & Kitchen,2651.59,19.0,,CUST1272
ORD101069,2025-01-06,2025.0,South,Fashion,3417.96,20.0,Marketplace,CUST1077
ORD101070,2025-07-07,2025.0,East,Electronics,4747.05,17.0,online,CUST1239
ORD101071,2024-11-25,,East,Home & Kitchen,1592.45,20.0,,CUST1030
ORD101072,2026-02-12,2026.0,,,4892.82,6.0,online,CUST1099
ORD101073,2024-09-11,2024.0,East,Home,661.18,5.0,Marketplace,CUST1141
ORD101074,2026-02-17,2026.0,north,Electronics,3012.31,15.0,Retail,CUST1277
ORD101075,2026-01-30,2026.0,,Home & Kitchen,1396.91,13.0,Retail,CUST1238
ORD101076,2025-03-12,2025.0,,Grocery,1161.94,20.0,,CUST1123
ORD101077,2026-05-20,2026.0,West,Electronics,4332.58,9.0,Retail,CUST1168
ORD101078,2025-03-05,2025.0,North,Electronics,N/A,8.0,,CUST1136
ORD101079,2024-04-16,2024.0,north,,3052.81,13.0,Online,CUST1050
ORD101080,2025-08-12,2025.0,north,Home & Kitchen,N/A,2.0,Retail,CUST1225
ORD101081,2026-05-22,2026.0,West,,3734.71,1.0,Marketplace,CUST1012
ORD101082,2025-10-07,2025.0,,Electronics,4254.68,12.0,Retail,CUST1127
ORD101083,2024-10-10,2024.0,SOUTH,Fashion,N/A,18.0,Retail,CUST1178
ORD101084,2026-03-10,2026.0,East,Fashion,3712.3,8.0,Retail,CUST1051
ORD101085,2026-01-09,2026.0,SOUTH,Home,1050.64,16.0,Retail,CUST1224
ORD101086,2025-01-05,2025.0,North,Home,4548.71,18.0,Retail,CUST1275
ORD101087,2024-07-01,2024.0,North,Home & Kitchen,4390.82,9.0,Marketplace,CUST1272
ORD101088,2024-12-28,2024.0,SOUTH,,4002.51,3.0,Retail,CUST1226
ORD101089,2026-04-25,2026.0,East,Electronics,4174.58,8.0,Marketplace,CUST1110
,2024-05-28,,north,Grocery,2101.9,19.0,Marketplace,CUST1265
ORD101091,2025-08-17,2025.0,West,Home & Kitchen,3994.15,9.0,online,CUST1120
ORD101092,2024-11-23,2024.0,East,,3527.05,19.0,Marketplace,CUST1259
ORD101093,2025-12-26,2025.0,north,Home,3601.94,18.0,Marketplace,CUST1294
ORD101094,2026-05-06,2026.0,West,Electronics,898.14,18.0,Online,CUST1244
ORD101095,2025-12-24,2025.0,SOUTH,Fashion,4739.39,20.0,online,CUST1068
ORD101096,2025-02-09,2025.0,SOUTH,Fashion,2870.79,14.0,Marketplace,CUST1300
ORD101097,2024-11-18,2024.0,,Fashion,3884.37,3.0,,CUST1082
ORD101098,2026-01-20,2026.0,South,,3264.56,4.0,Retail,CUST1206
ORD101099,2025-08-10,2025.0,West,Home & Kitchen,4243.96,10.0,Retail,CUST1220
ORD101100,2024-09-15,2024.0,South,Fashion,3183.39,4.0,,CUST1031
ORD101101,2025-07-24,2025.0,north,Electronics,,1.0,,CUST1035
ORD101102,2024-06-25,2024.0,South,Fashion,3431.75,12.0,,CUST1225
ORD101103,2025-12-24,2025.0,,,3129.31,4.0,Retail,CUST1055
ORD101104,2024-12-23,2024.0,North,Grocery,818.5,11.0,online,CUST1280
ORD101105,2026-05-01,2026.0,north,Electronics,1860.18,16.0,Marketplace,CUST1021
ORD101106,2025-01-01,2025.0,,Home & Kitchen,4203.36,17.0,Online,CUST1164
ORD101107,2025-06-23,2025.0,,electronics ,1448.68,7.0,Retail,CUST1218
ORD101108,2025-02-17,,North,Fashion,3067.83,10.0,Online,CUST1021
ORD101109,2024-07-11,2024.0,north,electronics ,1602.59,1.0,Online,CUST1197
ORD101110,2024-07-11,2024.0,SOUTH,,2566.46,17.0,Retail,CUST1022
ORD101111,2024-08-07,2024.0,SOUTH,Fashion,1057.86,20.0,Online,CUST1195
ORD101112,2024-07-29,2024.0,South,Home & Kitchen,4164.95,13.0,Marketplace,CUST1205
ORD101113,2024-02-15,2024.0,East,Grocery,3565.35,10.0,Marketplace,CUST1139
ORD101114,2025-02-23,2025.0,East,,4092.79,20.0,Online,CUST1202
ORD101115,2024-02-12,2024.0,South,Electronics,620.63,16.0,Online,CUST1167
ORD101116,2024-06-20,2024.0,SOUTH,Grocery,1467.87,9.0,Online,CUST1202
ORD101117,2026-04-22,2026.0,,Grocery,2615.22,,online,CUST1117
ORD101118,2024-02-08,2024.0,,Electronics,N/A,5.0,online,CUST1021
ORD101119,2025-11-09,2025.0,South,Home & Kitchen,2865.57,11.0,Retail,CUST1179
ORD101120,2025-04-18,2025.0,South,Fashion,1164.92,11.0,online,
ORD101121,2025-03-27,2025.0,north,Home,4822.67,3.0,online,CUST1008
ORD101122,2025-09-25,2025.0,North,Home,3437.37,,Online,CUST1198
ORD101123,2026-02-26,2026.0,North,electronics ,147.98,16.0,,CUST1144
ORD101124,2025-12-03,2025.0,SOUTH,Grocery,1758.47,15.0,online,CUST1078
ORD101125,2025-04-10,2025.0,SOUTH,Home & Kitchen,4838.48,6.0,Retail,CUST1221
ORD101126,2026-04-04,2026.0,north,,2041.04,12.0,Marketplace,CUST1215
ORD101127,2025-03-03,2025.0,West,Fashion,3343.6,17.0,Marketplace,CUST1097
ORD101128,2025-08-05,2025.0,north,Fashion,2763.62,14.0,Retail,CUST1109
ORD101129,2025-02-06,2025.0,East,,4357.05,7.0,Marketplace,CUST1080
ORD101130,2025-11-06,2025.0,West,Electronics,1960.55,9.0,,CUST1205
ORD101131,2025-08-11,2025.0,West,Home,696.25,11.0,,CUST1271
ORD101132,2026-01-22,2026.0,North,Electronics,,2.0,Retail,CUST1160
ORD101133,2024-12-31,2024.0,,Electronics,4550.77,15.0,online,CUST1089
ORD101134,2024-10-23,2024.0,South,Home,2684.91,6.0,,CUST1240
ORD101135,2025-12-17,2025.0,North,Home & Kitchen,4550.46,2.0,Marketplace,CUST1242
ORD101136,2025-01-23,2025.0,,Fashion,2945.21,1.0,online,CUST1290
ORD101137,2024-12-18,2024.0,North,Home,1535.52,5.0,Online,CUST1100
ORD101138,2025-10-11,2025.0,North,Fashion,4006.62,,,CUST1086
ORD101139,2025-01-08,2025.0,north,Electronics,4533.79,8.0,Retail,CUST1221
ORD101140,2024-12-11,2024.0,West,Home & Kitchen,2778.81,20.0,Online,CUST1009
ORD101141,2024-11-05,2024.0,North,Home & Kitchen,3499.44,17.0,online,CUST1175
ORD101142,2024-05-15,2024.0,West,Fashion,4571.12,3.0,Retail,CUST1058
ORD101143,2024-01-24,2024.0,North,Home,812.33,3.0,Online,
ORD101144,2024-01-14,2024.0,North,Home,4829.94,11.0,Online,CUST1028
ORD101145,2025-12-22,2025.0,South,Electronics,503.35,8.0,Marketplace,CUST1040
ORD101146,2025-01-31,2025.0,South,Home & Kitchen,3047.02,10.0,,CUST1031
ORD101147,,2025.0,South,Fashion,2732.89,4.0,Online,CUST1164
ORD101148,2026-02-13,2026.0,north,Fashion,2557.94,14.0,Retail,CUST1123
,2025-06-27,2025.0,East,,355.02,2.0,,CUST1220
ORD101150,2024-03-22,2024.0,SOUTH,Home & Kitchen,2961.29,12.0,,CUST1033
ORD101151,2025-08-05,2025.0,SOUTH,,2523.49,11.0,,CUST1097
ORD101152,2024-08-21,2024.0,West,Grocery,3991.45,13.0,online,CUST1237
ORD101153,2025-04-08,2025.0,North,,1617.78,5.0,online,CUST1222
ORD101154,2026-03-21,2026.0,South,Home,1986.89,11.0,Marketplace,
ORD101155,2025-02-05,2025.0,East,Home,3053.78,14.0,Marketplace,CUST1030
ORD101156,2024-12-27,2024.0,West,electronics ,1214.0,7.0,online,CUST1157
ORD101157,2025-10-08,2025.0,West,electronics ,690.67,12.0,Marketplace,CUST1242
,2024-03-05,2024.0,East,Home & Kitchen,4365.78,16.0,Retail,CUST1295
ORD101159,2026-03-23,2026.0,East,,4857.12,19.0,,CUST1127
ORD101160,2025-05-15,2025.0,North,Grocery,3136.85,16.0,online,CUST1136
ORD101161,2024-03-09,2024.0,East,Home & Kitchen,4246.48,8.0,Marketplace,CUST1167
ORD101162,2024-12-30,2024.0,East,Fashion,1605.13,7.0,Marketplace,CUST1061
ORD101163,2024-10-29,2024.0,,electronics ,3964.01,1.0,Retail,CUST1073
,2024-10-30,2024.0,North,Fashion,4553.54,13.0,,CUST1227
ORD101165,2026-02-15,2026.0,South,Home & Kitchen,1459.58,11.0,Online,CUST1167
ORD101166,2025-07-19,2025.0,West,electronics ,,11.0,online,CUST1017
ORD101167,2025-10-21,2025.0,north,Electronics,3582.64,3.0,Marketplace,CUST1267
ORD101168,2024-06-16,2024.0,East,Fashion,1750.69,13.0,,CUST1213
ORD101169,2025-10-19,2025.0,North,,837.35,9.0,Marketplace,CUST1285
ORD101170,2024-01-25,2024.0,North,Electronics,1201.69,5.0,,CUST1198
ORD101171,2026-02-13,2026.0,East,Grocery,,14.0,,CUST1102
ORD101172,2025-08-26,2025.0,East,Home & Kitchen,4414.15,6.0,online,CUST1274
ORD101173,2024-01-08,2024.0,north,Fashion,841.32,20.0,Retail,CUST1167
ORD101174,2024-09-23,2024.0,West,electronics ,3375.64,7.0,Marketplace,CUST1198
ORD101175,2026-04-03,2026.0,,electronics ,1528.12,7.0,,CUST1184
ORD101176,2025-04-19,2025.0,,Fashion,167.87,,Marketplace,CUST1105
ORD101177,2025-05-26,2025.0,West,electronics ,4608.05,20.0,Retail,CUST1127
ORD101178,2024-03-20,2024.0,north,Electronics,4736.6,10.0,online,CUST1290
ORD101179,2024-06-12,2024.0,West,Home & Kitchen,N/A,1.0,Retail,CUST1061
ORD101180,2024-11-05,2024.0,,Home,3201.71,1.0,online,CUST1057
ORD101181,2024-03-29,2024.0,SOUTH,electronics ,161.67,3.0,Marketplace,CUST1203
ORD101182,2025-11-25,2025.0,West,Grocery,115.68,3.0,Retail,CUST1245
ORD101183,2024-07-26,2024.0,,Home,2267.55,,Online,CUST1222
ORD101184,2025-07-26,2025.0,,Home & Kitchen,,20.0,Retail,CUST1241
ORD101185,2025-07-11,2025.0,north,electronics ,3689.22,6.0,,CUST1239
ORD101186,2024-12-21,2024.0,West,Home & Kitchen,1833.63,20.0,Retail,CUST1170
ORD101187,2025-01-02,2025.0,SOUTH,Home,1750.1,5.0,,CUST1081
ORD101188,2026-05-21,2026.0,South,,454.63,4.0,,CUST1266
ORD101189,2024-04-16,2024.0,South,Home & Kitchen,3563.28,4.0,Retail,CUST1191
ORD101190,2025-07-15,2025.0,South,electronics ,2069.59,4.0,Marketplace,CUST1232
ORD101191,2024-06-08,2024.0,North,,4009.68,3.0,Retail,CUST1207
ORD101192,2024-11-06,2024.0,,Home,,,Online,CUST1036
ORD101193,2024-03-09,2024.0,East,Home & Kitchen,3504.2,13.0,Retail,CUST1219
ORD101194,2025-09-26,2025.0,North,Home & Kitchen,206.01,1.0,Retail,CUST1196
ORD101195,2026-02-09,2026.0,north,Fashion,3440.0,13.0,Online,CUST1044
ORD101196,2025-05-01,2025.0,,Home & Kitchen,515.33,11.0,Marketplace,CUST1240
ORD101197,2024-02-05,2024.0,West,Home,520.02,19.0,Online,CUST1227
ORD101198,2024-03-11,2024.0,West,,3285.83,19.0,Online,CUST1251
ORD101199,2024-06-27,2024.0,East,electronics ,592.89,3.0,Marketplace,CUST1127
ORD101200,2024-01-06,2024.0,South,,1546.27,19.0,online,CUST1227
ORD101201,2026-04-07,2026.0,South,Home,4736.03,15.0,online,CUST1220
ORD101202,2024-01-22,2024.0,north,Electronics,216.01,14.0,Online,CUST1134
ORD101203,2025-11-11,2025.0,South,Electronics,,6.0,Marketplace,CUST1279
ORD101204,2025-01-17,2025.0,SOUTH,Home,623.46,,Marketplace,CUST1068
ORD101205,,2026.0,,Electronics,3346.26,1.0,Retail,CUST1070
ORD101206,2024-11-23,2024.0,South,Home & Kitchen,2419.74,13.0,,CUST1277
ORD101207,2026-05-29,2026.0,north,Home,386.57,3.0,,CUST1211
ORD101208,2026-05-09,2026.0,West,Electronics,262.4,13.0,Online,CUST1191
ORD101209,2025-02-04,2025.0,South,Grocery,3962.81,6.0,Marketplace,CUST1147
ORD101210,2025-05-24,2025.0,North,electronics ,4463.67,2.0,Retail,CUST1143
ORD101211,2025-04-20,2025.0,,electronics ,4600.67,16.0,,CUST1286
ORD101212,2025-11-29,2025.0,West,Fashion,2473.89,17.0,,CUST1128
ORD101213,2025-10-06,2025.0,north,Home,4533.76,19.0,Marketplace,CUST1156
ORD101214,2024-07-15,2024.0,East,electronics ,3312.6,5.0,Retail,CUST1185
ORD101215,2025-12-30,2025.0,north,electronics ,3636.73,8.0,Marketplace,CUST1172
ORD101216,2024-07-06,2024.0,West,Grocery,4665.8,11.0,Marketplace,CUST1036
ORD101217,2024-09-15,2024.0,West,Electronics,4069.36,16.0,online,CUST1281
ORD101218,2025-08-20,2025.0,East,Electronics,3159.16,4.0,online,CUST1160
ORD101219,2024-05-02,2024.0,North,Electronics,1422.91,9.0,Marketplace,CUST1216
ORD101220,2024-07-28,2024.0,North,Fashion,3611.88,8.0,Marketplace,CUST1292
ORD101221,2026-02-08,2026.0,South,Electronics,1617.75,13.0,Marketplace,CUST1008
ORD101222,2024-06-13,2024.0,East,,523.63,8.0,Marketplace,CUST1084
ORD101223,2024-06-26,,SOUTH,Fashion,4311.43,15.0,Marketplace,CUST1041
ORD101224,2025-02-22,2025.0,West,,1931.81,9.0,Marketplace,CUST1251
ORD101225,2025-03-23,2025.0,West,electronics ,4199.18,12.0,Marketplace,CUST1193
ORD101226,2024-06-21,2024.0,West,Fashion,1488.86,20.0,online,CUST1288
ORD101227,2024-09-06,2024.0,North,Grocery,1829.63,,online,CUST1217
ORD101228,2024-04-01,2024.0,East,Grocery,1134.73,17.0,,CUST1100
ORD101229,2026-05-16,2026.0,South,Electronics,835.83,18.0,Online,CUST1268
ORD101230,2024-09-18,2024.0,East,,1183.99,17.0,Online,CUST1047
ORD101231,2025-09-27,2025.0,,Home & Kitchen,2762.3,6.0,Marketplace,
ORD101232,2024-07-19,2024.0,East,,2693.07,18.0,Retail,CUST1078
ORD101233,2025-06-30,,,Home,2590.57,,,CUST1201
ORD101234,2024-05-18,2024.0,South,,1867.59,15.0,Marketplace,CUST1056
ORD101235,2025-12-31,2025.0,North,Grocery,1471.65,16.0,online,CUST1206
ORD101236,2025-06-21,2025.0,,electronics ,4196.26,9.0,,CUST1085
ORD101237,2025-05-30,2025.0,North,electronics ,4217.63,14.0,online,CUST1191
ORD101238,2024-01-25,,West,,778.49,5.0,Retail,CUST1072
ORD101239,2024-01-17,2024.0,West,Grocery,1889.26,5.0,online,CUST1125
ORD101240,2024-05-29,2024.0,North,Fashion,1963.46,14.0,Online,CUST1181
ORD101241,2026-04-20,2026.0,,,1794.79,17.0,Marketplace,
ORD101242,2024-04-13,2024.0,North,electronics ,2629.4,,online,CUST1235
ORD101243,2024-12-21,2024.0,north,electronics ,2220.07,17.0,Online,CUST1280
ORD101244,2026-01-16,2026.0,South,,3320.05,9.0,Marketplace,CUST1100
ORD101245,2024-04-05,2024.0,North,Fashion,,14.0,,CUST1077
ORD101246,2025-03-13,2025.0,North,Electronics,235.43,3.0,Marketplace,CUST1084
ORD101247,2025-11-19,2025.0,East,electronics ,1891.98,9.0,,CUST1169
ORD101248,2025-10-08,2025.0,,Home & Kitchen,3428.88,8.0,Marketplace,CUST1222
ORD101249,2025-05-09,2025.0,SOUTH,Grocery,2978.88,9.0,Online,CUST1284
ORD101250,2024-08-16,2024.0,West,Home,3502.04,14.0,online,CUST1169
ORD101251,2024-11-02,2024.0,SOUTH,Electronics,4634.32,13.0,online,CUST1242
ORD101252,2024-02-01,2024.0,West,Grocery,2011.91,14.0,Marketplace,CUST1084
ORD101253,2024-12-10,2024.0,North,Electronics,3991.16,,,CUST1047
ORD101254,2026-03-23,2026.0,North,Grocery,710.74,12.0,Retail,CUST1044
ORD101255,2024-02-11,2024.0,north,Electronics,3091.1,7.0,Marketplace,CUST1251
ORD101256,2024-04-20,2024.0,North,,736.15,9.0,Marketplace,CUST1263
ORD101257,2024-04-08,2024.0,West,,855.89,15.0,Retail,CUST1156
ORD101258,2024-10-27,2024.0,South,,1581.16,8.0,online,CUST1079
ORD101259,2024-02-07,2024.0,North,Grocery,3627.71,11.0,Retail,CUST1246
ORD101260,2025-03-21,2025.0,SOUTH,electronics ,1547.6,16.0,Online,CUST1200
ORD101261,2024-07-15,2024.0,,Fashion,4071.97,13.0,Retail,CUST1167
ORD101262,2026-02-02,2026.0,,electronics ,960.61,6.0,Retail,CUST1249
ORD101263,2024-12-08,2024.0,north,Grocery,4541.17,14.0,Online,CUST1184
ORD101264,2025-12-29,2025.0,North,Grocery,4847.91,5.0,Retail,CUST1258
ORD101265,2024-10-07,2024.0,north,electronics ,3860.07,2.0,online,CUST1280
ORD101266,2024-10-24,2024.0,East,Electronics,3153.86,16.0,online,CUST1292
ORD101267,2024-08-24,2024.0,East,Fashion,4268.22,19.0,Retail,CUST1002
ORD101268,2025-06-27,2025.0,South,Grocery,,3.0,Retail,CUST1279
,2025-03-02,2025.0,,Home & Kitchen,3856.06,16.0,,CUST1282
ORD101270,2024-10-21,2024.0,West,electronics ,927.32,1.0,online,CUST1125
,2025-05-06,2025.0,East,Home,3375.46,14.0,Marketplace,CUST1185
ORD101272,2024-04-09,2024.0,SOUTH,electronics ,427.32,4.0,Online,CUST1033
ORD101273,2026-03-08,2026.0,South,Electronics,N/A,18.0,online,CUST1246
ORD101274,2025-11-15,2025.0,North,Fashion,4042.68,9.0,Online,CUST1044
ORD101275,2024-03-05,2024.0,SOUTH,electronics ,4956.01,12.0,Online,CUST1199
ORD101276,2026-03-22,2026.0,,Grocery,991.21,19.0,Online,CUST1116
ORD101277,2026-05-04,2026.0,,Grocery,3230.51,2.0,Online,CUST1001
ORD101278,2025-08-07,2025.0,SOUTH,Fashion,4195.72,15.0,Online,CUST1049
ORD101279,2025-08-31,2025.0,West,Grocery,2780.44,4.0,,CUST1162
ORD101280,2024-09-08,2024.0,,Electronics,1536.02,5.0,Retail,CUST1078
ORD101281,2024-10-14,2024.0,north,Fashion,1576.51,1.0,Online,CUST1167
ORD101282,2024-07-08,2024.0,north,electronics ,1844.53,9.0,Retail,CUST1063
ORD101283,2024-07-06,2024.0,North,Fashion,3815.14,3.0,,CUST1279
ORD101284,2024-10-31,2024.0,West,,1593.87,3.0,Retail,CUST1026
ORD101285,2024-05-20,2024.0,North,Grocery,,13.0,,CUST1081
ORD101286,2025-08-28,2025.0,East,Home,4594.91,4.0,Online,CUST1064
ORD101287,2024-06-22,2024.0,South,Grocery,,9.0,,CUST1096
ORD101288,2025-05-19,2025.0,SOUTH,Grocery,2662.52,13.0,,CUST1296
ORD101289,2024-10-21,2024.0,SOUTH,Grocery,N/A,,Online,CUST1097
ORD101290,2026-02-03,2026.0,SOUTH,electronics ,N/A,2.0,Marketplace,CUST1023
ORD101291,2026-01-18,2026.0,East,Electronics,3276.67,1.0,online,CUST1105
ORD101292,2025-04-02,2025.0,,Fashion,N/A,9.0,online,CUST1074
ORD101293,2024-07-30,2024.0,SOUTH,Home,4748.26,9.0,Online,CUST1081
ORD101294,2024-03-03,2024.0,north,Fashion,596.56,10.0,Retail,CUST1007
ORD101295,2025-04-29,2025.0,East,Fashion,2274.25,9.0,online,CUST1138
ORD101296,2024-06-13,2024.0,,Home,1953.68,18.0,,CUST1074
ORD101297,2024-04-22,2024.0,North,Fashion,2606.58,13.0,Online,CUST1054
ORD101298,2024-09-04,2024.0,SOUTH,electronics ,2893.35,6.0,online,CUST1001
ORD101299,2024-06-01,2024.0,north,Grocery,57.23,4.0,Retail,CUST1217
ORD101300,2024-09-14,2024.0,West,Home & Kitchen,3027.78,4.0,online,CUST1100
ORD101301,2024-09-07,2024.0,,Home,2491.1,18.0,Online,CUST1052
ORD101302,2025-08-01,2025.0,South,Grocery,4979.98,18.0,online,CUST1113
ORD101303,2026-01-25,2026.0,North,electronics ,4957.01,15.0,Marketplace,CUST1121
ORD101304,2025-09-18,2025.0,north,Home & Kitchen,3816.51,9.0,,CUST1003
ORD101305,2026-05-12,2026.0,East,Electronics,2935.25,9.0,Online,CUST1178
ORD101306,2024-12-31,2024.0,SOUTH,Electronics,2879.94,7.0,Marketplace,CUST1119
ORD101307,2026-01-25,2026.0,South,Home,353.31,20.0,Marketplace,CUST1104
ORD101308,2025-01-10,2025.0,SOUTH,Grocery,363.18,16.0,online,
ORD101309,2025-01-18,2025.0,West,Electronics,829.79,14.0,Online,CUST1085
ORD101310,2024-09-29,2024.0,north,electronics ,4589.83,15.0,Marketplace,CUST1272
ORD101311,2025-11-07,2025.0,north,,1431.92,7.0,Online,CUST1151
ORD101312,2025-01-19,2025.0,north,Electronics,677.56,18.0,Online,CUST1202
ORD101313,2025-10-27,2025.0,north,Home,1197.41,2.0,,CUST1278
ORD101314,2024-03-16,2024.0,north,Electronics,1693.78,6.0,Online,CUST1105
ORD101315,2024-05-23,2024.0,north,Home,403.6,18.0,Online,CUST1164
ORD101316,2025-04-16,2025.0,North,Electronics,3911.24,1.0,Online,CUST1084
ORD101317,2026-02-14,2026.0,SOUTH,Home,4036.6,18.0,Retail,CUST1013
ORD101318,2026-01-06,2026.0,North,,3245.75,9.0,Marketplace,CUST1075
ORD101319,2025-09-06,2025.0,north,,919.84,17.0,,CUST1160
ORD101320,2025-01-23,2025.0,North,electronics ,,8.0,online,CUST1174
ORD101321,2024-03-31,2024.0,West,Grocery,1217.22,9.0,,CUST1164
ORD101322,2025-01-13,2025.0,,electronics ,257.27,16.0,Online,CUST1123
ORD101323,2025-02-24,2025.0,East,,N/A,17.0,Marketplace,CUST1031
ORD101324,2024-10-01,2024.0,East,,4456.51,1.0,Retail,CUST1132
ORD101325,2026-05-27,2026.0,South,electronics ,3605.0,3.0,online,CUST1079
ORD101326,2025-11-20,2025.0,East,Home & Kitchen,2878.53,10.0,online,CUST1010
ORD101327,2024-09-05,2024.0,SOUTH,Home & Kitchen,2182.9,9.0,Online,CUST1020
ORD101328,2026-04-21,2026.0,South,Fashion,1899.64,2.0,Marketplace,CUST1117
ORD101329,2026-01-08,2026.0,East,Home,4561.59,,Online,CUST1157
ORD101330,2025-02-25,2025.0,,electronics ,4594.35,4.0,Retail,CUST1256
ORD101331,2025-06-15,2025.0,South,Grocery,3501.09,11.0,Online,CUST1029
ORD101332,2026-05-23,2026.0,,,4151.2,11.0,Online,CUST1113
ORD101333,2026-04-06,2026.0,north,Grocery,N/A,18.0,Online,CUST1101
ORD101334,2024-09-03,2024.0,South,Home,1648.95,14.0,Online,CUST1042
ORD101335,2026-02-07,2026.0,East,Grocery,4805.66,18.0,,CUST1005
ORD101336,2024-07-08,2024.0,north,Electronics,2104.36,20.0,,CUST1125
ORD101337,2025-12-05,2025.0,East,Home & Kitchen,4896.06,14.0,Online,CUST1109
ORD101338,2025-02-05,2025.0,North,Electronics,401.02,17.0,,CUST1276
ORD101339,2024-10-26,2024.0,,Electronics,3794.78,6.0,Marketplace,CUST1258
ORD101340,2024-05-31,2024.0,West,Electronics,4672.2,10.0,Marketplace,CUST1208
ORD101341,2026-02-04,,,Fashion,4681.18,2.0,,CUST1059
ORD101342,2026-02-03,,North,Home,324.17,12.0,online,CUST1045
ORD101343,2026-04-17,2026.0,West,Electronics,3738.55,6.0,Marketplace,CUST1174
ORD101344,2024-12-30,2024.0,West,electronics ,3150.57,18.0,Marketplace,CUST1268
ORD101345,2026-05-01,2026.0,South,Fashion,74.55,15.0,Marketplace,CUST1121
ORD101346,2025-05-03,2025.0,north,Home,1099.21,20.0,Online,CUST1189
ORD101347,,2025.0,north,Fashion,2925.18,10.0,Retail,CUST1008
ORD101348,2026-01-01,2026.0,South,Grocery,3545.5,14.0,,CUST1192
ORD101349,2026-03-10,2026.0,,electronics ,3395.75,15.0,Online,CUST1151
ORD101350,2024-05-28,2024.0,north,Home,2848.43,17.0,Retail,CUST1099
ORD101351,2024-06-28,2024.0,,,3913.61,14.0,online,CUST1028
ORD101352,2025-02-21,2025.0,South,Grocery,2313.05,1.0,online,CUST1110
ORD101353,2024-11-12,2024.0,north,Home,3329.59,8.0,,CUST1287
,2026-02-14,2026.0,North,Fashion,4442.05,5.0,,CUST1174
ORD101355,2024-01-31,2024.0,north,,3398.94,9.0,Online,CUST1195
ORD101356,2025-08-09,2025.0,,Home,,14.0,Online,CUST1074
ORD101357,2026-02-23,2026.0,,Electronics,1000.6,18.0,Marketplace,CUST1159
ORD101358,2026-05-20,2026.0,North,,2418.17,1.0,,CUST1200
ORD101359,2025-02-02,2025.0,,Grocery,421.53,20.0,Retail,CUST1013
ORD101360,2024-02-19,2024.0,SOUTH,Fashion,3167.82,11.0,Online,CUST1090
ORD101361,2025-10-06,2025.0,SOUTH,Grocery,298.98,9.0,Retail,
ORD101362,2025-05-22,2025.0,North,Home & Kitchen,4432.91,14.0,Marketplace,CUST1176
ORD101363,2024-01-20,2024.0,SOUTH,Home & Kitchen,4618.0,6.0,,CUST1034
ORD101364,2026-02-26,2026.0,SOUTH,electronics ,4852.97,15.0,Marketplace,CUST1067
ORD101365,2024-11-17,2024.0,West,Electronics,4639.48,7.0,Marketplace,CUST1040
ORD101366,2025-09-09,2025.0,West,Home,4898.74,15.0,online,CUST1176
ORD101367,2025-01-20,2025.0,SOUTH,electronics ,1359.76,6.0,,CUST1072
ORD101368,2025-02-09,2025.0,West,Fashion,311.86,9.0,Online,CUST1273
ORD101369,2024-04-20,2024.0,West,Home & Kitchen,4580.09,6.0,Online,CUST1274
ORD101370,2026-04-27,2026.0,West,Home,1733.68,20.0,online,CUST1218
ORD101371,2026-04-26,2026.0,North,,2740.38,14.0,Online,CUST1293
ORD101372,2026-02-07,2026.0,SOUTH,electronics ,3201.42,4.0,online,CUST1031
ORD101373,2025-02-16,2025.0,north,,4307.5,,Online,CUST1073
ORD101374,2024-03-27,2024.0,East,Fashion,476.64,12.0,Online,CUST1276
ORD101375,2025-04-03,2025.0,South,Home & Kitchen,3273.94,3.0,,CUST1290
ORD101376,2025-02-11,2025.0,north,electronics ,3425.22,20.0,,CUST1279
ORD101377,2024-01-17,2024.0,,Fashion,4759.43,8.0,,CUST1128
ORD101378,2025-06-03,2025.0,north,Fashion,3068.16,3.0,Online,CUST1231
ORD101379,2025-10-03,2025.0,North,Home & Kitchen,503.75,8.0,,CUST1199
ORD101380,2025-05-04,2025.0,North,electronics ,1933.22,20.0,Online,CUST1236
ORD101381,2025-05-21,2025.0,,electronics ,2210.5,5.0,Marketplace,CUST1295
ORD101382,2024-07-19,2024.0,north,Fashion,53.24,8.0,Retail,CUST1137
ORD101383,2024-01-31,2024.0,West,Grocery,1692.79,2.0,Online,CUST1085
ORD101384,2024-10-13,2024.0,,Fashion,953.65,15.0,,CUST1071
ORD101385,2024-12-27,2024.0,South,Home & Kitchen,3433.45,9.0,online,CUST1113
ORD101386,2024-07-18,2024.0,North,Fashion,1340.61,11.0,Marketplace,CUST1172
ORD101387,2026-01-09,2026.0,East,Grocery,2898.45,19.0,Marketplace,CUST1113
ORD101388,2024-12-17,2024.0,South,,2547.18,13.0,Retail,CUST1250
ORD101389,2025-06-15,2025.0,East,Electronics,3792.14,10.0,Retail,CUST1099
ORD101390,2024-11-09,2024.0,north,,4635.28,16.0,,CUST1024
ORD101391,2024-07-22,2024.0,East,,,7.0,online,CUST1166
ORD101392,2024-10-27,2024.0,North,Home,1862.25,14.0,online,CUST1268
ORD101393,2024-04-09,2024.0,North,Electronics,1365.48,4.0,Retail,CUST1044
ORD101394,2024-02-06,2024.0,north,Electronics,2642.42,20.0,Marketplace,CUST1003
ORD101395,2024-10-05,2024.0,north,,2040.86,11.0,,CUST1219
ORD101396,2025-03-02,2025.0,north,Grocery,2276.41,10.0,Marketplace,CUST1172
ORD101397,2025-06-06,2025.0,north,Home & Kitchen,2962.19,11.0,,CUST1257
ORD101398,2024-05-11,2024.0,North,,4927.66,,Online,CUST1021
ORD101399,2024-06-08,2024.0,SOUTH,Home,1220.29,4.0,Retail,CUST1035
,2024-08-01,2024.0,South,Home & Kitchen,2799.95,4.0,Retail,CUST1266
ORD101401,2025-06-21,2025.0,SOUTH,Grocery,4817.32,8.0,online,CUST1225
ORD101402,2026-01-06,2026.0,North,Home,2600.8,6.0,Retail,CUST1035
ORD101403,2025-06-22,2025.0,,,711.94,5.0,Marketplace,CUST1003
ORD101404,2025-10-03,2025.0,North,Electronics,2106.07,7.0,,CUST1012
ORD101405,2025-06-29,2025.0,North,Home & Kitchen,3945.27,16.0,online,CUST1185
ORD101406,2025-07-29,2025.0,,electronics ,1660.9,17.0,online,CUST1283
ORD101407,2024-09-03,2024.0,South,Home & Kitchen,648.6,3.0,online,CUST1101
ORD101408,2025-03-29,2025.0,SOUTH,electronics ,4785.62,11.0,Marketplace,CUST1295
ORD101409,2025-08-03,2025.0,South,Electronics,4007.04,19.0,Online,CUST1120
ORD101410,2025-07-20,2025.0,SOUTH,Fashion,1260.38,18.0,Marketplace,CUST1157
ORD101411,2024-09-30,2024.0,SOUTH,Home & Kitchen,1133.39,10.0,Marketplace,CUST1292
ORD101412,2024-12-06,2024.0,,Grocery,3638.9,15.0,,CUST1298
,2025-03-25,2025.0,South,Electronics,3350.27,17.0,online,CUST1109
ORD101414,2025-05-17,2025.0,north,electronics ,788.74,4.0,Marketplace,CUST1203
ORD101415,2026-01-16,2026.0,South,Electronics,1363.29,20.0,online,CUST1259
ORD101416,2025-08-05,2025.0,SOUTH,Home & Kitchen,3353.37,8.0,,CUST1031
ORD101417,2026-03-28,2026.0,,Electronics,1426.74,13.0,Online,CUST1293
ORD101418,2024-11-24,2024.0,South,Home,2874.05,3.0,Online,CUST1295
ORD101419,2024-06-20,2024.0,East,Home & Kitchen,,16.0,Retail,CUST1261
ORD101420,2024-07-16,2024.0,north,Grocery,459.11,16.0,Online,CUST1058
ORD101421,2024-05-28,2024.0,North,Home,4340.32,15.0,online,CUST1071
ORD101422,2024-02-24,2024.0,North,Electronics,567.3,2.0,Online,CUST1016
ORD101423,2025-04-02,2025.0,north,,1280.94,7.0,Online,CUST1098
ORD101424,2025-03-17,,South,Grocery,3342.46,17.0,Online,CUST1144
ORD101425,2024-06-29,2024.0,SOUTH,Grocery,746.03,1.0,,CUST1068
ORD101426,2024-06-02,,,electronics ,4242.02,12.0,online,CUST1033
ORD101427,2026-04-09,2026.0,South,Home & Kitchen,3001.2,19.0,online,CUST1049
ORD101428,2024-08-22,2024.0,West,Fashion,2721.21,5.0,Marketplace,CUST1132
ORD101429,2024-03-17,,West,Electronics,1841.02,8.0,,CUST1030
ORD101430,2024-06-19,2024.0,North,Grocery,2974.52,5.0,Marketplace,CUST1271
ORD101431,2025-10-27,2025.0,,Home,3438.02,8.0,Retail,CUST1030
,2024-05-07,2024.0,West,electronics ,3217.2,10.0,,CUST1226
ORD101433,2025-08-27,2025.0,West,,1268.18,4.0,Marketplace,CUST1128
ORD101434,2025-04-17,2025.0,,Electronics,2595.21,,Online,CUST1211
ORD101435,2025-07-21,2025.0,North,Grocery,2605.59,17.0,Online,CUST1187
ORD101436,2025-04-03,2025.0,North,Fashion,2344.1,2.0,online,CUST1126
ORD101437,2024-02-25,2024.0,North,,1837.55,9.0,online,CUST1205
ORD101438,2024-06-28,,West,Home,4304.05,15.0,online,CUST1129
,2025-05-23,,South,Home & Kitchen,3896.17,6.0,online,CUST1223
ORD101440,2025-02-07,2025.0,North,electronics ,734.2,1.0,Online,CUST1136
ORD101441,2025-02-16,2025.0,SOUTH,electronics ,,4.0,Online,CUST1248
ORD101442,2025-11-13,2025.0,SOUTH,Home & Kitchen,1217.96,18.0,Online,CUST1288
ORD101443,2026-02-14,2026.0,north,Electronics,3355.16,11.0,Marketplace,CUST1256
ORD101444,2024-02-08,2024.0,,Grocery,2005.25,16.0,Marketplace,CUST1101
ORD101445,2025-04-19,2025.0,West,electronics ,1498.45,13.0,Online,CUST1248
ORD101446,2024-10-20,2024.0,South,Home,3822.87,7.0,,CUST1148
ORD101447,2025-08-19,2025.0,,Electronics,4121.6,14.0,Marketplace,
ORD101448,2025-04-23,2025.0,,Home,2083.17,1.0,Retail,CUST1279
ORD101449,2026-03-29,2026.0,north,electronics ,2547.06,19.0,online,CUST1057
ORD101450,2024-03-26,2024.0,north,electronics ,4824.68,17.0,Online,CUST1036
ORD101451,2025-07-13,2025.0,South,Home,2283.89,12.0,,CUST1119
ORD101452,2025-08-07,2025.0,North,electronics ,4068.76,2.0,online,CUST1242
ORD101453,2025-11-13,2025.0,West,electronics ,2998.62,3.0,Marketplace,CUST1255
ORD101454,2025-11-21,2025.0,SOUTH,Grocery,2548.2,13.0,,CUST1244
ORD101455,2025-11-11,2025.0,South,Home & Kitchen,4528.37,19.0,online,CUST1218
ORD101456,2024-02-15,2024.0,West,Fashion,4051.98,8.0,Retail,CUST1181
ORD101457,2024-04-19,2024.0,,Home & Kitchen,2020.88,2.0,,CUST1144
ORD101458,2026-05-05,2026.0,East,electronics ,1364.94,5.0,Online,CUST1078
ORD101459,2025-07-28,2025.0,East,electronics ,4136.32,18.0,,CUST1257
ORD101460,2025-08-10,2025.0,West,electronics ,1178.36,14.0,Marketplace,CUST1202
ORD101461,2025-05-06,2025.0,north,electronics ,159.17,3.0,Retail,CUST1057
ORD101462,2025-08-23,2025.0,SOUTH,,3218.48,7.0,online,CUST1109
ORD101463,2025-05-01,2025.0,South,Electronics,1640.03,13.0,Retail,CUST1011
ORD101464,2024-06-18,2024.0,West,Home,3100.58,2.0,Marketplace,CUST1140
ORD101465,2024-01-29,2024.0,West,,4488.05,3.0,,CUST1132
ORD101466,2025-08-31,2025.0,north,electronics ,3660.95,15.0,,CUST1139
ORD101467,2024-03-22,2024.0,North,,1665.92,13.0,online,CUST1279
ORD101468,2025-03-08,2025.0,South,Home & Kitchen,2009.35,15.0,Retail,CUST1195
ORD101469,2025-08-03,2025.0,East,electronics ,1602.1,4.0,Online,CUST1092
ORD101470,2024-02-29,2024.0,South,Home & Kitchen,4451.31,4.0,Online,CUST1216
ORD101471,2025-11-30,2025.0,,,2004.68,8.0,online,CUST1064
ORD101472,2024-04-12,2024.0,North,Grocery,293.3,19.0,Retail,CUST1152
ORD101473,2025-06-27,2025.0,West,Grocery,1406.16,18.0,,CUST1254
ORD101474,2025-02-24,2025.0,North,,1588.17,12.0,online,CUST1174
ORD101475,2025-07-04,2025.0,East,,1142.63,20.0,Online,CUST1124
ORD101476,2026-05-27,2026.0,West,,3185.99,11.0,Retail,CUST1203
ORD101477,2025-10-09,2025.0,North,Electronics,3392.57,6.0,Online,CUST1150
ORD101478,2024-07-04,2024.0,West,Home & Kitchen,1587.55,11.0,,CUST1014
ORD101479,2024-04-16,2024.0,North,Fashion,4266.34,9.0,,CUST1198
,2024-03-02,2024.0,North,Grocery,4910.79,16.0,,CUST1040
ORD101481,2024-06-26,2024.0,,Electronics,1402.33,14.0,Retail,CUST1217
ORD101482,2024-03-18,2024.0,South,electronics ,3690.31,11.0,Marketplace,CUST1197
ORD101483,2026-02-09,2026.0,,Home & Kitchen,4917.84,6.0,Retail,CUST1285
ORD101484,2025-12-12,2025.0,East,,4752.62,14.0,Retail,CUST1188
ORD101485,2024-10-19,2024.0,South,,601.45,5.0,online,CUST1275
ORD101486,2025-09-21,2025.0,north,Home & Kitchen,470.09,13.0,Marketplace,CUST1150
ORD101487,2025-10-22,2025.0,North,Home,2797.69,6.0,Online,CUST1181
,2026-01-01,2026.0,North,electronics ,4813.47,9.0,Retail,CUST1099
ORD101489,2024-02-03,2024.0,East,Home & Kitchen,4157.23,8.0,Retail,CUST1156
ORD101490,2024-01-13,2024.0,SOUTH,Home & Kitchen,392.16,15.0,online,CUST1263
ORD101491,2024-03-09,2024.0,East,Fashion,4779.78,14.0,Online,CUST1107
ORD101492,2026-04-19,2026.0,north,electronics ,3537.66,1.0,Retail,CUST1063
ORD101493,2024-05-30,2024.0,East,,1960.68,19.0,online,CUST1270
ORD101494,2025-06-10,2025.0,north,Electronics,4927.15,5.0,online,CUST1230
ORD101495,2025-11-28,2025.0,North,,3011.18,13.0,Retail,CUST1067
ORD101496,2024-07-27,2024.0,South,electronics ,2861.67,4.0,,CUST1200
ORD101497,2026-04-16,2026.0,South,electronics ,4624.56,18.0,Marketplace,CUST1062
ORD101498,,2024.0,North,Electronics,2634.01,13.0,Online,CUST1015
ORD101499,2025-06-04,2025.0,,Home & Kitchen,1961.86,,Online,CUST1096
ORD101500,2025-01-16,2025.0,SOUTH,Home,1482.35,8.0,Online,CUST1024
ORD101501,2026-03-16,2026.0,,electronics ,1015.19,19.0,Retail,CUST1050
,2024-02-05,2024.0,West,,4584.2,,Retail,CUST1194
ORD101503,2025-03-24,2025.0,North,Grocery,4489.59,9.0,Online,CUST1201
ORD101504,2025-01-14,2025.0,,Home,57.85,11.0,Online,CUST1137
ORD101505,2026-03-01,2026.0,East,,1013.5,7.0,Retail,CUST1193
ORD101506,2025-07-01,2025.0,West,electronics ,126.36,14.0,,CUST1289
ORD101507,2024-05-01,2024.0,West,,1852.22,19.0,online,CUST1232
ORD101508,2026-05-14,2026.0,SOUTH,electronics ,160.27,14.0,Retail,CUST1267
ORD101509,2025-08-14,2025.0,East,Electronics,78.93,19.0,Retail,CUST1037
ORD101510,2026-03-13,2026.0,North,Grocery,1489.4,5.0,online,CUST1094
ORD101511,2026-03-13,2026.0,SOUTH,electronics ,504.92,13.0,Marketplace,CUST1090
ORD101512,2024-06-15,2024.0,north,Electronics,4065.26,9.0,Retail,CUST1067
ORD101513,2024-04-17,2024.0,West,,1628.85,5.0,Online,CUST1072
ORD101514,2024-05-09,2024.0,SOUTH,electronics ,,3.0,online,CUST1175
ORD101515,2025-02-23,2025.0,,Home,4329.36,17.0,Marketplace,CUST1167
ORD101516,2026-01-08,2026.0,West,electronics ,4566.45,6.0,Retail,CUST1123
ORD101517,2024-04-02,2024.0,north,,80.92,12.0,,CUST1030
ORD101518,2024-04-03,,South,,4045.95,3.0,Retail,CUST1041
ORD101519,2026-02-04,2026.0,,,313.54,7.0,Online,CUST1036
ORD101520,2026-04-09,,West,Fashion,4158.39,17.0,,CUST1287
ORD101521,2025-12-29,2025.0,South,,2368.21,19.0,Marketplace,CUST1211
ORD101522,2024-12-18,2024.0,,Electronics,3676.88,17.0,Marketplace,CUST1103
ORD101523,2026-04-04,2026.0,,Home & Kitchen,225.83,5.0,Retail,CUST1206
ORD101524,2024-08-15,2024.0,South,,1831.72,8.0,Retail,CUST1077
ORD101525,2025-03-06,2025.0,north,Grocery,,7.0,,CUST1128
ORD101526,2024-11-02,2024.0,South,Fashion,1943.99,10.0,online,CUST1276
ORD101527,2024-02-18,2024.0,East,Home & Kitchen,1832.53,12.0,Online,CUST1203
ORD101528,2024-06-12,2024.0,north,Electronics,1699.87,4.0,Online,CUST1158
,2026-01-18,2026.0,South,Electronics,4984.07,17.0,online,CUST1009
ORD101530,2024-05-25,2024.0,SOUTH,Grocery,3528.35,1.0,online,CUST1189
ORD101531,2024-08-27,2024.0,North,Home & Kitchen,53.22,5.0,Marketplace,CUST1160
ORD101532,2026-03-14,2026.0,North,Electronics,2117.52,2.0,Online,CUST1172
ORD101533,2024-08-07,2024.0,East,,3447.65,20.0,Retail,CUST1144
ORD101534,2024-02-14,2024.0,SOUTH,Home,2345.29,12.0,,CUST1014
ORD101535,2024-08-24,2024.0,West,Fashion,3129.1,1.0,Marketplace,CUST1296
,2024-05-01,2024.0,South,Grocery,,10.0,Online,CUST1153
ORD101537,2025-10-03,2025.0,SOUTH,Fashion,3102.17,18.0,Retail,CUST1124
ORD101538,2025-01-17,2025.0,West,Electronics,,16.0,,CUST1006
,2025-10-21,2025.0,,electronics ,2756.34,16.0,Retail,CUST1123
ORD101540,2025-05-05,2025.0,South,Home & Kitchen,4248.98,12.0,Marketplace,
ORD101541,2025-02-06,2025.0,South,Fashion,1128.93,1.0,Online,CUST1194
ORD101542,2024-11-16,2024.0,North,Grocery,959.66,6.0,,CUST1076
ORD101543,2024-08-12,2024.0,North,Electronics,208.14,,online,CUST1023
ORD101544,2024-12-30,2024.0,north,Grocery,1252.73,4.0,Online,CUST1227
ORD101545,2024-08-13,,SOUTH,Fashion,4621.47,19.0,,CUST1278
ORD101546,2025-04-06,2025.0,South,electronics ,3866.78,13.0,Online,CUST1123
ORD101547,2025-03-05,2025.0,SOUTH,Home,1800.93,9.0,online,CUST1012
ORD101548,,2025.0,North,,852.41,18.0,Online,CUST1220
ORD101549,2025-12-18,2025.0,SOUTH,Home & Kitchen,1795.23,4.0,,CUST1250
,2026-01-10,2026.0,North,,2210.83,11.0,,CUST1160
ORD101551,2025-08-05,2025.0,SOUTH,Home & Kitchen,2802.26,2.0,Retail,CUST1245
ORD101552,2025-07-01,2025.0,North,electronics ,3062.85,19.0,online,CUST1260
ORD101553,2024-10-09,2024.0,SOUTH,Electronics,733.61,16.0,Marketplace,
ORD101554,2024-06-30,2024.0,SOUTH,,719.59,2.0,Retail,CUST1142
ORD101555,2025-05-13,2025.0,SOUTH,,593.05,12.0,,CUST1100
,2025-12-18,2025.0,North,Home,,2.0,Retail,CUST1076
ORD101557,2024-08-12,2024.0,East,,3492.49,12.0,Marketplace,CUST1066
ORD101558,2025-05-30,2025.0,East,Grocery,3426.8,12.0,,CUST1225
ORD101559,2025-04-12,2025.0,north,electronics ,3851.13,6.0,,CUST1037
ORD101560,2025-04-25,2025.0,South,electronics ,2677.89,1.0,Retail,CUST1277
ORD101561,2026-04-20,2026.0,South,electronics ,4349.74,14.0,online,
ORD101562,2024-02-27,2024.0,,Grocery,4541.69,2.0,online,CUST1201
ORD101563,2024-06-05,2024.0,East,Electronics,1470.35,9.0,Retail,CUST1225
ORD101564,2025-03-17,2025.0,,Home,2859.39,10.0,,CUST1232
ORD101565,2024-07-13,2024.0,,Electronics,4844.85,14.0,Marketplace,CUST1175
ORD101566,2025-11-01,2025.0,North,Home & Kitchen,2590.53,2.0,,CUST1050
ORD101567,2026-01-27,2026.0,SOUTH,Fashion,3570.52,19.0,online,CUST1102
ORD101568,2025-07-27,2025.0,East,Grocery,N/A,2.0,Retail,CUST1115
ORD101569,2024-09-08,2024.0,,Home & Kitchen,439.49,17.0,online,CUST1191
ORD101570,2026-01-06,2026.0,West,Home & Kitchen,1379.39,15.0,online,CUST1137
ORD101571,2026-01-09,2026.0,South,Fashion,2211.1,9.0,online,CUST1257
ORD101572,2025-01-26,2025.0,East,Home,1749.12,18.0,Online,CUST1156
ORD101573,2025-06-04,2025.0,north,Home,4702.76,13.0,Retail,CUST1093
ORD101574,2024-04-25,2024.0,East,Home,3895.75,4.0,Retail,CUST1062
ORD101575,2026-04-13,2026.0,SOUTH,electronics ,1276.67,14.0,Online,CUST1162
ORD101576,2024-11-12,2024.0,West,Home,2316.59,1.0,Online,CUST1062
ORD101577,2025-05-22,2025.0,South,Electronics,3662.95,18.0,Retail,CUST1107
ORD101578,2025-01-06,2025.0,South,Grocery,2552.16,9.0,online,CUST1254
ORD101579,2024-07-17,2024.0,,Home & Kitchen,,11.0,Marketplace,CUST1227
ORD101580,2025-04-18,2025.0,East,Grocery,2366.75,2.0,Online,CUST1182
ORD101581,2026-04-14,2026.0,North,Fashion,2619.76,2.0,Online,CUST1247
ORD101582,2026-05-26,2026.0,South,Fashion,4241.08,14.0,Online,CUST1116
ORD101583,2025-08-10,2025.0,,Grocery,3156.36,6.0,Online,CUST1101
ORD101584,2025-01-22,2025.0,,Grocery,3618.19,6.0,,CUST1248
ORD101585,2026-03-13,2026.0,north,Fashion,4306.04,8.0,Marketplace,CUST1226
ORD101586,2024-08-20,2024.0,north,Home,,16.0,Marketplace,CUST1115
ORD101587,2024-05-12,2024.0,North,Grocery,4541.62,15.0,Online,CUST1199
ORD101588,2025-09-13,2025.0,,Home,1039.52,,Online,CUST1079
ORD101589,2025-02-09,2025.0,north,Home,2813.47,6.0,Online,CUST1252
ORD101590,2025-11-13,2025.0,,Fashion,1328.44,7.0,Retail,CUST1134
ORD101591,2024-05-14,2024.0,SOUTH,Home,848.86,1.0,Online,CUST1149
ORD101592,2024-09-16,2024.0,,Home & Kitchen,3600.91,6.0,Marketplace,CUST1181
ORD101593,2025-02-18,2025.0,East,Home,294.08,16.0,Marketplace,CUST1058
ORD101594,2025-06-28,2025.0,East,Electronics,81.25,8.0,,CUST1062
ORD101595,2025-10-30,2025.0,North,Home,913.85,17.0,Retail,CUST1117
ORD101596,2025-08-07,2025.0,North,Fashion,3964.23,11.0,Retail,CUST1089
ORD101597,2025-10-03,2025.0,SOUTH,Fashion,2852.82,11.0,Retail,CUST1008
ORD101598,2025-08-06,2025.0,north,Home,2281.75,6.0,Online,CUST1000
ORD101599,2026-04-10,2026.0,South,Home & Kitchen,,16.0,Online,CUST1045
ORD101600,2024-06-02,2024.0,,Home & Kitchen,4735.84,18.0,,CUST1207
ORD101601,2024-02-07,2024.0,South,Grocery,2445.17,20.0,Marketplace,CUST1199
ORD101602,2025-11-22,2025.0,north,electronics ,2402.01,12.0,Marketplace,CUST1106
ORD101603,2025-10-08,2025.0,East,Home,503.89,11.0,Retail,CUST1262
ORD101604,2025-11-19,2025.0,South,Electronics,834.77,12.0,Online,CUST1248
ORD101605,2026-04-06,2026.0,West,,2425.69,1.0,Marketplace,CUST1287
ORD101606,2025-04-20,2025.0,West,Grocery,2883.36,10.0,Online,CUST1103
ORD101607,2025-01-29,2025.0,East,,164.12,11.0,Marketplace,CUST1019
ORD101608,2025-08-25,2025.0,north,Home,N/A,19.0,Retail,CUST1194
ORD101609,2024-08-16,2024.0,West,Home & Kitchen,N/A,4.0,Marketplace,CUST1236
ORD101610,2025-02-27,2025.0,North,,1485.41,18.0,,CUST1201
ORD101611,2024-12-23,2024.0,East,Fashion,4379.56,10.0,Marketplace,CUST1131
ORD101612,2026-03-15,2026.0,West,electronics ,2965.99,8.0,Retail,CUST1230
ORD101613,2024-10-18,2024.0,East,Electronics,3396.31,18.0,Marketplace,CUST1024
ORD101614,2025-08-30,2025.0,West,Home & Kitchen,4942.22,18.0,,CUST1138
ORD101615,2024-04-12,,,electronics ,352.96,16.0,Online,CUST1154
ORD101616,2026-05-22,2026.0,,Grocery,2389.46,5.0,Online,CUST1021
ORD101617,2024-11-05,2024.0,North,Home,1156.06,1.0,Marketplace,CUST1182
ORD101618,2024-04-19,2024.0,West,Fashion,4328.38,20.0,online,CUST1298
ORD101619,2024-12-11,2024.0,north,Grocery,440.46,7.0,Online,CUST1184
ORD101620,2025-07-19,2025.0,West,Home,1152.97,12.0,Online,CUST1151
ORD101621,2024-07-06,2024.0,SOUTH,Home,,10.0,online,CUST1135
ORD101622,2025-02-20,2025.0,SOUTH,Grocery,2107.64,13.0,,CUST1016
ORD101623,2025-07-19,2025.0,SOUTH,Home & Kitchen,2866.95,19.0,Online,CUST1045
ORD101624,2025-10-24,2025.0,North,Grocery,4968.06,11.0,Online,CUST1274
ORD101625,2026-03-23,2026.0,South,,4724.38,11.0,Marketplace,CUST1172
ORD101626,2026-01-17,2026.0,South,Home,808.92,1.0,Marketplace,
ORD101627,2024-12-04,2024.0,North,Home,,14.0,online,CUST1062
ORD101628,2025-11-17,2025.0,,Electronics,2163.0,20.0,,CUST1161
ORD101629,2024-09-12,2024.0,East,Home,4710.73,8.0,,CUST1132
ORD101630,2026-04-15,2026.0,SOUTH,,678.93,3.0,,CUST1008
ORD101631,2024-04-03,2024.0,,Home,4411.35,14.0,Retail,CUST1279
ORD101632,2025-04-18,2025.0,West,Home & Kitchen,2501.2,14.0,Online,CUST1093
ORD101633,2024-09-27,2024.0,north,,812.73,5.0,Retail,CUST1032
ORD101634,2024-07-03,2024.0,north,,1957.12,10.0,Retail,CUST1075
ORD101635,2024-09-10,2024.0,,Electronics,543.66,2.0,Online,CUST1262
ORD101636,2024-02-12,2024.0,West,,3090.24,3.0,online,CUST1248
ORD101637,2024-10-25,2024.0,north,Home,2959.4,9.0,Retail,CUST1162
ORD101638,2026-01-22,2026.0,South,Home,2486.54,9.0,Marketplace,CUST1232
ORD101639,2024-07-05,2024.0,South,Electronics,1915.58,9.0,,CUST1195
ORD101640,2026-05-20,2026.0,North,Home & Kitchen,1017.73,10.0,Retail,CUST1009
ORD101641,2024-11-08,2024.0,north,Fashion,,6.0,Online,CUST1193
ORD101642,2026-02-23,2026.0,,Fashion,3425.26,20.0,Marketplace,CUST1107
ORD101643,2024-06-12,2024.0,South,Fashion,4610.35,6.0,Marketplace,CUST1290
,2024-06-06,2024.0,north,Electronics,3042.7,,Retail,CUST1080
ORD101645,2024-06-03,2024.0,,,258.11,11.0,,CUST1223
ORD101646,2024-09-07,2024.0,West,Home,N/A,6.0,Online,CUST1038
ORD101647,2024-12-09,,SOUTH,electronics ,1012.93,8.0,,CUST1020
ORD101648,2024-02-14,2024.0,SOUTH,,4103.66,5.0,Online,CUST1088
ORD101649,2026-03-11,2026.0,North,Home & Kitchen,810.59,14.0,,CUST1205
ORD101650,2024-11-01,2024.0,north,Fashion,2709.31,10.0,Marketplace,CUST1000
ORD101651,2024-02-13,2024.0,West,Grocery,2428.19,17.0,Retail,CUST1198
ORD101652,2025-10-15,2025.0,East,,2999.18,7.0,Retail,CUST1057
ORD101653,2025-09-17,2025.0,South,Electronics,134.68,2.0,Retail,CUST1129
ORD101654,2025-06-28,2025.0,West,electronics ,2863.34,4.0,Online,CUST1228
ORD101655,2024-06-06,2024.0,north,Fashion,2657.89,17.0,Marketplace,CUST1281
ORD101656,2024-01-21,2024.0,North,Home & Kitchen,882.05,,Online,CUST1100
ORD101657,2026-02-04,2026.0,South,,1642.74,6.0,Retail,CUST1271
ORD101658,,2024.0,SOUTH,Home,4220.13,19.0,,CUST1230
ORD101659,2025-02-11,2025.0,,Grocery,4296.08,18.0,Marketplace,CUST1256
ORD101660,2025-09-16,2025.0,South,Home,2067.17,17.0,Retail,CUST1277
ORD101661,2026-04-10,2026.0,West,Electronics,2783.14,4.0,Online,CUST1097
ORD101662,2024-06-07,2024.0,South,Home & Kitchen,540.79,17.0,Marketplace,CUST1095
ORD101663,2025-04-17,2025.0,West,Fashion,3833.06,1.0,online,CUST1246
ORD101664,2025-05-19,2025.0,SOUTH,Home & Kitchen,N/A,,,CUST1136
ORD101665,2024-09-10,2024.0,West,Grocery,4595.19,12.0,,CUST1273
ORD101666,2025-10-20,2025.0,West,Home,132.35,5.0,online,CUST1204
ORD101667,2025-06-30,2025.0,north,,1652.18,20.0,,CUST1083
ORD101668,2024-12-17,2024.0,SOUTH,Home & Kitchen,,10.0,Marketplace,CUST1011
ORD101669,2025-03-31,2025.0,West,Grocery,4985.23,15.0,,CUST1248
ORD101670,2024-01-23,2024.0,East,Home & Kitchen,1311.8,20.0,,CUST1141
ORD101671,2024-03-18,2024.0,north,,2084.22,15.0,,CUST1175
ORD101672,2024-07-30,2024.0,North,Grocery,2942.19,,Retail,CUST1085
ORD101673,2025-11-09,2025.0,East,Home,4443.77,,online,CUST1234
ORD101674,2024-02-10,2024.0,North,Electronics,936.75,9.0,Retail,CUST1113
ORD101675,2024-01-01,2024.0,,Home & Kitchen,1682.91,18.0,,CUST1242
ORD101676,2024-09-25,2024.0,East,Grocery,1220.98,15.0,Retail,CUST1024
ORD101677,2024-01-01,2024.0,,Home & Kitchen,2981.26,20.0,Retail,CUST1008
ORD101678,2025-01-01,2025.0,north,Home,4894.8,10.0,online,CUST1026
ORD101679,2025-05-29,2025.0,SOUTH,Electronics,851.88,2.0,Online,CUST1104
ORD101680,2025-03-13,2025.0,East,Fashion,4846.2,20.0,Online,CUST1140
ORD101681,2025-11-12,2025.0,West,,865.93,13.0,Marketplace,CUST1064
ORD101682,2024-04-29,2024.0,,Grocery,4665.57,6.0,Marketplace,CUST1004
ORD101683,2024-12-05,2024.0,East,Grocery,1330.17,13.0,Retail,CUST1166
ORD101684,2025-01-16,2025.0,North,,1197.21,1.0,online,CUST1070
ORD101685,2024-10-21,2024.0,SOUTH,,2999.86,,Marketplace,CUST1094
ORD101686,2024-04-03,2024.0,West,Home,3218.46,15.0,online,CUST1138
ORD101687,2025-07-02,2025.0,north,Fashion,1640.08,6.0,,CUST1087
ORD101688,2025-11-28,2025.0,North,Grocery,2536.67,20.0,Online,CUST1028
ORD101689,2024-12-10,2024.0,East,Fashion,1328.72,9.0,online,CUST1187
ORD101690,2025-10-15,2025.0,,electronics ,4273.22,15.0,Online,CUST1153
ORD101691,2025-12-20,2025.0,East,,1055.71,16.0,,CUST1113
ORD101692,2024-07-18,2024.0,,Electronics,1236.25,20.0,Marketplace,CUST1019
ORD101693,2025-06-09,2025.0,north,Electronics,911.74,7.0,Online,CUST1284
ORD101694,2025-03-21,2025.0,North,Grocery,2072.54,7.0,Retail,CUST1247
ORD101695,2026-04-11,2026.0,north,,2153.04,10.0,Retail,CUST1254
ORD101696,2024-03-30,2024.0,South,electronics ,2964.81,10.0,Marketplace,CUST1202
ORD101697,2024-05-19,2024.0,SOUTH,,4859.76,20.0,,CUST1014
ORD101698,2025-12-07,2025.0,East,Grocery,133.96,11.0,Marketplace,CUST1043
ORD101699,2025-07-07,2025.0,East,Home,1979.82,17.0,,CUST1234
ORD101700,2025-08-19,2025.0,East,,2476.88,19.0,Retail,CUST1064
ORD101701,2025-06-14,2025.0,South,Electronics,2939.84,20.0,Online,CUST1153
ORD101702,2025-06-25,2025.0,West,Electronics,4634.84,17.0,Retail,CUST1134
ORD101703,2024-12-02,2024.0,South,Grocery,4375.55,13.0,,CUST1093
ORD101704,2026-01-13,2026.0,East,,2705.06,19.0,Marketplace,CUST1251
ORD101705,2026-05-04,2026.0,north,Electronics,162.19,19.0,Marketplace,CUST1227
ORD101706,2025-04-24,2025.0,,Grocery,2946.75,12.0,Online,CUST1160
ORD101707,2026-02-01,2026.0,West,Home & Kitchen,,11.0,Marketplace,CUST1202
ORD101708,2024-01-21,2024.0,,electronics ,1280.67,5.0,,CUST1157
ORD101709,2024-05-17,2024.0,SOUTH,Grocery,,17.0,Retail,CUST1051
ORD101710,2026-05-26,2026.0,North,Home,3587.44,3.0,Retail,CUST1271
ORD101711,2025-05-23,2025.0,West,Electronics,1775.96,13.0,,CUST1180
ORD101712,2024-09-04,,East,electronics ,4375.38,14.0,Online,CUST1149
ORD101713,2025-04-06,2025.0,West,,2944.68,12.0,Retail,CUST1059
ORD101714,2024-04-13,2024.0,north,Electronics,4199.68,16.0,online,CUST1014
ORD101715,2026-05-25,2026.0,SOUTH,Grocery,1748.42,6.0,,CUST1130
ORD101716,2024-09-19,2024.0,North,Electronics,3498.01,11.0,Marketplace,CUST1153
ORD101717,2025-02-23,2025.0,North,Electronics,2823.07,,online,CUST1004
ORD101718,2024-09-27,2024.0,,electronics ,1353.32,9.0,online,CUST1296
ORD101719,2024-08-23,2024.0,north,Grocery,272.27,9.0,,CUST1001
ORD101720,2025-08-06,2025.0,East,electronics ,3838.04,12.0,Online,CUST1121
ORD101721,2026-05-01,2026.0,West,Home,660.27,7.0,Online,CUST1217
ORD101722,2026-04-05,2026.0,North,,4168.9,2.0,Marketplace,CUST1106
ORD101723,2025-08-27,2025.0,West,Home,2243.78,17.0,Marketplace,CUST1109
ORD101724,2025-02-18,,East,Electronics,91.72,,Online,CUST1178
ORD101725,2024-07-16,2024.0,North,Home,2009.7,6.0,Online,CUST1034
ORD101726,2025-11-01,2025.0,North,electronics ,,15.0,online,CUST1137
ORD101727,,2026.0,West,Home & Kitchen,3535.56,7.0,Marketplace,CUST1122
ORD101728,2026-05-10,2026.0,SOUTH,electronics ,4776.02,5.0,Retail,CUST1238
ORD101729,2024-01-29,2024.0,SOUTH,Grocery,4334.47,7.0,Marketplace,CUST1040
ORD101730,2025-05-22,2025.0,North,Fashion,3484.79,6.0,online,CUST1273
ORD101731,2026-04-28,2026.0,north,Grocery,N/A,1.0,Marketplace,CUST1229
ORD101732,2025-12-12,2025.0,,Electronics,,8.0,online,CUST1212
ORD101733,2026-01-08,2026.0,north,electronics ,,16.0,,CUST1030
ORD101734,2024-04-08,2024.0,north,Electronics,,20.0,online,CUST1017
ORD101735,2025-11-01,2025.0,north,,254.22,3.0,online,CUST1095
,2024-05-02,2024.0,SOUTH,,2067.19,16.0,Online,CUST1280
ORD101737,2026-04-07,2026.0,West,Fashion,2064.96,5.0,Marketplace,CUST1150
ORD101738,2026-05-27,2026.0,South,Electronics,126.21,7.0,,CUST1042
ORD101739,2024-05-25,2024.0,North,electronics ,3722.44,16.0,Marketplace,CUST1011
ORD101740,2024-08-01,2024.0,East,Electronics,696.22,15.0,,CUST1285
ORD101741,2024-01-25,2024.0,East,,2942.51,13.0,Online,CUST1054
ORD101742,2025-08-11,2025.0,north,,4036.84,13.0,Retail,CUST1274
ORD101743,2025-02-27,2025.0,north,Home & Kitchen,1108.77,2.0,Online,CUST1137
ORD101744,2024-11-15,2024.0,West,,4883.29,4.0,,CUST1149
ORD101745,2025-09-26,2025.0,North,Electronics,3698.04,7.0,online,CUST1065
ORD101746,2026-05-03,2026.0,north,Fashion,1388.57,2.0,,CUST1114
ORD101747,2025-08-10,2025.0,South,Home,98.16,6.0,Marketplace,CUST1251
ORD101748,2025-12-03,,East,Electronics,3818.74,,Online,
ORD101749,2025-06-15,2025.0,West,Grocery,600.59,,,CUST1290
ORD101750,2024-04-02,2024.0,North,electronics ,4259.45,5.0,Marketplace,CUST1253
ORD101751,2024-07-25,2024.0,north,,2326.16,2.0,online,
ORD101752,2026-03-25,2026.0,North,,2760.69,9.0,online,CUST1025
ORD101753,2024-01-24,2024.0,north,Fashion,1282.75,4.0,Marketplace,CUST1042
ORD101754,2024-04-08,2024.0,north,electronics ,3486.8,5.0,,CUST1158
ORD101755,2024-06-02,2024.0,,Home & Kitchen,,11.0,Marketplace,CUST1210
ORD101756,2024-01-31,2024.0,north,Fashion,4458.33,13.0,online,CUST1027
ORD101757,2024-04-07,2024.0,SOUTH,Electronics,3546.38,3.0,,CUST1070
ORD101758,2025-10-30,2025.0,East,Electronics,4458.88,17.0,Retail,CUST1035
ORD101759,2025-05-23,2025.0,South,,3204.01,10.0,Marketplace,CUST1113
ORD101760,,2024.0,South,electronics ,3869.37,18.0,Retail,CUST1059
ORD101761,2025-12-04,2025.0,SOUTH,Fashion,138.6,13.0,Online,CUST1031
ORD101762,2025-04-20,2025.0,West,Electronics,682.54,5.0,online,CUST1045
ORD101763,2026-01-10,2026.0,South,electronics ,4629.89,12.0,Online,CUST1135
ORD101764,,2025.0,West,,4780.82,9.0,Retail,CUST1023
ORD101765,2024-11-08,2024.0,West,Home,1534.24,1.0,Online,CUST1170
,2024-08-30,2024.0,SOUTH,Home,1580.18,9.0,Marketplace,CUST1215
ORD101767,2024-03-26,2024.0,East,,3412.98,6.0,online,CUST1001
ORD101768,2025-06-05,2025.0,East,Home & Kitchen,4765.88,9.0,Online,CUST1226
ORD101769,2025-02-22,2025.0,East,,2392.86,6.0,,CUST1106
,2025-01-05,2025.0,,electronics ,2849.85,5.0,Marketplace,CUST1139
ORD101771,2026-04-11,2026.0,SOUTH,,804.18,3.0,Retail,CUST1221
ORD101772,2026-05-13,2026.0,East,Fashion,901.73,9.0,Retail,CUST1045
ORD101773,2026-02-23,2026.0,,Home,447.52,8.0,Online,CUST1219
ORD101774,2024-08-27,2024.0,East,electronics ,2538.32,3.0,,CUST1300
ORD101775,2026-03-31,2026.0,East,,1769.22,4.0,Online,CUST1082
ORD101776,2026-04-14,2026.0,East,Electronics,973.12,4.0,online,CUST1270
,2025-03-10,2025.0,North,Home & Kitchen,4367.86,2.0,Marketplace,CUST1103
ORD101778,2024-04-17,2024.0,north,Electronics,4047.56,,Online,CUST1243
ORD101779,2026-04-12,2026.0,SOUTH,Electronics,2359.84,14.0,Online,CUST1053
ORD101780,2025-10-07,2025.0,East,Home & Kitchen,4889.96,17.0,Retail,CUST1145
ORD101781,2026-05-15,2026.0,,Fashion,3162.0,15.0,Retail,CUST1271
ORD101782,2024-06-18,2024.0,north,electronics ,4193.75,1.0,online,CUST1239
ORD101783,2025-09-05,2025.0,West,Electronics,2785.0,20.0,online,CUST1079
ORD101784,2024-05-12,2024.0,north,Home & Kitchen,1294.01,4.0,,CUST1173
ORD101785,2026-05-07,2026.0,,Electronics,84.52,18.0,Online,CUST1281
ORD101786,2025-01-10,2025.0,North,Electronics,1321.62,7.0,Marketplace,CUST1202
ORD101787,2024-07-09,2024.0,North,,3032.2,18.0,Retail,CUST1132
ORD101788,,2025.0,SOUTH,Home & Kitchen,2212.81,8.0,,CUST1186
ORD101789,2025-12-14,2025.0,East,Electronics,4201.71,5.0,online,CUST1245
ORD101790,2024-01-10,2024.0,,Home & Kitchen,1327.24,10.0,Marketplace,CUST1057
ORD101791,2025-09-26,2025.0,north,,376.49,,Retail,CUST1217
ORD101792,2025-09-07,,,Home,,3.0,online,CUST1186
ORD101793,2026-02-20,2026.0,East,Grocery,1263.09,20.0,Retail,CUST1281
ORD101794,2024-04-02,2024.0,,Fashion,2132.03,5.0,online,CUST1299
ORD101795,2026-03-17,2026.0,South,electronics ,3735.08,4.0,Marketplace,CUST1039
ORD101796,2025-04-04,2025.0,South,electronics ,2835.8,11.0,Retail,CUST1192
ORD101797,2026-05-24,2026.0,north,Grocery,3685.04,,Retail,CUST1222
ORD101798,2026-02-15,2026.0,West,,749.66,15.0,Online,
ORD101799,2024-07-27,2024.0,West,,3279.08,8.0,online,CUST1031
ORD101800,2024-08-09,2024.0,north,Electronics,4448.9,3.0,Retail,CUST1166
ORD101801,2025-12-23,2025.0,north,Home,3864.36,17.0,online,CUST1230
ORD101802,2024-07-09,2024.0,West,Grocery,723.73,13.0,Marketplace,CUST1034
ORD101803,2026-05-30,2026.0,SOUTH,electronics ,2034.39,5.0,Retail,CUST1111
ORD101804,2025-06-25,2025.0,North,Grocery,3485.71,17.0,,CUST1119
ORD101805,2024-06-29,2024.0,South,Fashion,,17.0,,CUST1242
ORD101806,2024-07-23,2024.0,East,electronics ,2173.87,1.0,Retail,CUST1164
ORD101807,2025-02-25,2025.0,West,Grocery,1754.1,3.0,,CUST1014
ORD101808,2024-09-04,2024.0,South,Grocery,2042.08,15.0,Marketplace,CUST1090
ORD101809,2024-06-28,2024.0,,Electronics,4159.15,16.0,online,CUST1251
ORD101810,2024-04-19,2024.0,north,electronics ,1480.3,13.0,,CUST1016
ORD101811,2025-01-18,2025.0,north,Electronics,4289.57,1.0,Marketplace,CUST1291
ORD101812,2026-03-24,2026.0,East,Home,1379.76,2.0,online,CUST1036
ORD101813,2025-04-06,,South,,2030.31,2.0,Retail,CUST1016
ORD101814,2024-10-25,2024.0,West,Home,1434.33,4.0,online,CUST1142
ORD101815,2026-03-12,2026.0,North,electronics ,2835.97,11.0,Retail,CUST1179
ORD101816,2025-09-22,2025.0,North,Home & Kitchen,3703.89,15.0,Marketplace,CUST1252
ORD101817,2024-07-03,2024.0,North,,1772.91,19.0,online,CUST1220
ORD101818,2026-01-05,2026.0,South,Grocery,2787.18,7.0,,CUST1300
,2025-01-17,2025.0,north,Grocery,63.81,12.0,online,CUST1011
ORD101820,,2024.0,North,electronics ,4229.99,6.0,Marketplace,CUST1190
ORD101821,2026-03-06,2026.0,north,Electronics,2733.96,19.0,Marketplace,CUST1080
ORD101822,2024-12-22,2024.0,South,Home,251.65,11.0,Retail,CUST1030
ORD101823,2024-04-26,2024.0,East,Fashion,3430.6,,online,CUST1283
ORD101824,2026-04-07,2026.0,South,,1004.1,8.0,online,CUST1218
,2024-05-15,2024.0,SOUTH,Home & Kitchen,3243.29,9.0,Retail,CUST1296
ORD101826,2024-02-28,2024.0,East,,3093.2,4.0,Marketplace,CUST1254
ORD101827,2025-02-15,2025.0,East,Fashion,4536.75,20.0,Retail,CUST1289
ORD101828,2024-07-27,2024.0,North,electronics ,2007.84,8.0,Online,CUST1118
ORD101829,2026-01-09,2026.0,East,Grocery,3355.51,13.0,Retail,CUST1072
,2025-12-19,2025.0,,,72.32,18.0,Retail,CUST1070
ORD101831,2024-10-03,2024.0,East,Home & Kitchen,1692.73,,Online,CUST1071
ORD101832,2024-04-12,2024.0,,Electronics,2236.0,15.0,Marketplace,CUST1064
ORD101833,2025-01-18,2025.0,North,electronics ,3555.57,11.0,,CUST1092
ORD101834,,2026.0,West,Grocery,,13.0,,CUST1106
ORD101835,2024-08-28,2024.0,West,Fashion,4369.41,6.0,Retail,CUST1277
ORD101836,2025-11-12,2025.0,north,Fashion,3938.77,17.0,,CUST1277
ORD101837,2024-06-24,2024.0,,Grocery,3953.25,,,CUST1246
ORD101838,2024-05-08,2024.0,South,,4380.73,3.0,,CUST1284
ORD101839,2024-06-11,,North,electronics ,3660.21,13.0,Marketplace,CUST1153
ORD101840,2025-04-02,2025.0,East,Home,498.67,6.0,Marketplace,CUST1044
ORD101841,2024-10-21,,North,electronics ,2116.65,15.0,Online,CUST1204
ORD101842,2024-01-01,2024.0,,Electronics,1838.47,3.0,online,CUST1020
ORD101843,2024-01-20,2024.0,,Electronics,1265.77,18.0,,CUST1082
ORD101844,2024-11-01,2024.0,South,Grocery,3489.4,1.0,,CUST1248
ORD101845,2025-11-05,2025.0,SOUTH,Home & Kitchen,4210.69,14.0,Marketplace,CUST1111
ORD101846,2025-12-26,,north,Fashion,908.65,3.0,online,CUST1075
ORD101847,2026-05-27,2026.0,South,,111.53,20.0,Retail,CUST1047
ORD101848,2025-03-21,2025.0,West,Fashion,4094.78,7.0,online,CUST1240
ORD101849,2025-11-05,2025.0,West,,,7.0,Retail,CUST1092
ORD101850,2025-09-30,2025.0,,Electronics,4298.82,18.0,online,
ORD101851,2024-03-29,2024.0,South,Home,954.62,10.0,,CUST1157
ORD101852,2024-09-30,2024.0,South,Fashion,N/A,17.0,online,CUST1229
ORD101853,,2025.0,East,,3739.52,5.0,online,CUST1021
ORD101854,2024-10-14,2024.0,SOUTH,Home & Kitchen,3281.54,1.0,,CUST1256
ORD101855,2024-12-11,2024.0,East,Home,3644.26,19.0,,
ORD101856,2026-03-28,2026.0,North,Fashion,297.06,14.0,Online,CUST1233
ORD101857,2025-06-01,2025.0,West,Electronics,1907.12,15.0,Retail,CUST1131
ORD101858,2025-02-28,2025.0,,Home,4626.85,3.0,Retail,CUST1044
ORD101859,2025-06-15,2025.0,North,Electronics,2403.12,19.0,Online,
ORD101860,2025-06-13,2025.0,,,N/A,12.0,online,CUST1219
ORD101861,2024-02-04,2024.0,West,Fashion,2981.09,1.0,online,CUST1225
ORD101862,2025-11-12,2025.0,,Electronics,721.41,14.0,online,CUST1243
ORD101863,2025-08-11,2025.0,,electronics ,3252.86,7.0,,CUST1023
ORD101864,2025-01-31,2025.0,East,Home & Kitchen,3497.06,17.0,online,CUST1012
ORD101865,2026-01-29,2026.0,,Electronics,3202.16,5.0,Online,CUST1030
ORD101866,2024-09-25,2024.0,,Electronics,2037.29,1.0,online,CUST1095
ORD101867,2026-05-09,2026.0,north,Home & Kitchen,123.41,19.0,,CUST1260
ORD101868,2026-05-09,2026.0,north,Home,2831.17,11.0,Marketplace,CUST1119
ORD101869,2025-04-19,2025.0,north,Grocery,1574.41,13.0,,CUST1015
ORD101870,2024-07-30,2024.0,SOUTH,Home,481.14,11.0,Retail,CUST1009
ORD101871,2024-04-25,2024.0,West,Grocery,,6.0,Online,CUST1275
ORD101872,2025-03-25,2025.0,north,Home,1394.19,17.0,Retail,CUST1125
ORD101873,2026-04-11,2026.0,SOUTH,,2356.25,14.0,online,CUST1002
ORD101874,2025-01-30,2025.0,South,Home & Kitchen,4420.99,2.0,Online,CUST1129
ORD101875,2026-03-01,2026.0,,Home & Kitchen,1676.41,15.0,Online,CUST1027
ORD101876,2025-09-05,2025.0,West,Electronics,2590.23,17.0,Online,CUST1205
ORD101877,2024-06-02,2024.0,South,Home & Kitchen,1515.11,17.0,Retail,CUST1015
ORD101878,2025-11-07,2025.0,SOUTH,electronics ,4759.48,15.0,Retail,CUST1214
,2025-07-06,2025.0,SOUTH,electronics ,1955.15,16.0,online,CUST1007
ORD101880,2025-07-24,,north,Electronics,3196.23,14.0,Marketplace,CUST1135
ORD101881,2024-10-14,2024.0,SOUTH,Home & Kitchen,1302.75,16.0,Online,CUST1005
ORD101882,2026-01-23,2026.0,South,Fashion,4390.68,20.0,Online,CUST1079
ORD101883,2024-08-16,2024.0,East,electronics ,4123.44,2.0,Marketplace,CUST1229
ORD101884,2024-01-01,2024.0,East,Home,4462.42,12.0,Retail,CUST1217
ORD101885,2024-09-18,2024.0,West,,4711.07,8.0,online,CUST1139
ORD101886,2026-05-10,2026.0,East,,2286.26,17.0,Retail,CUST1204
ORD101887,2025-02-24,2025.0,West,Electronics,4043.65,20.0,,CUST1299
ORD101888,2024-03-16,2024.0,West,,4530.14,2.0,Retail,CUST1268
ORD101889,2025-01-31,2025.0,South,Electronics,2020.87,19.0,,CUST1096
ORD101890,2024-12-19,2024.0,north,Home & Kitchen,2960.54,18.0,Marketplace,CUST1283
ORD101891,2026-01-22,2026.0,West,Home & Kitchen,3074.03,14.0,Online,CUST1126
ORD101892,2024-09-17,2024.0,,Fashion,4074.84,7.0,,CUST1097
ORD101893,2026-02-21,2026.0,North,Electronics,,10.0,Online,CUST1238
ORD101894,2025-02-12,2025.0,North,,3277.71,2.0,Retail,CUST1288
ORD101895,2024-03-13,2024.0,,electronics ,803.91,18.0,online,CUST1276
ORD101896,2025-03-21,2025.0,South,Home & Kitchen,4702.12,1.0,Retail,CUST1077
ORD101897,2024-02-26,2024.0,North,electronics ,4966.96,4.0,,CUST1286
ORD101898,2025-09-27,2025.0,,,4865.27,12.0,online,CUST1002
ORD101899,2024-03-28,2024.0,North,Grocery,2074.75,14.0,,CUST1245
ORD101222,2024-06-13,2024.0,East,,523.63,8.0,Marketplace,CUST1084
ORD100111,2025-10-20,2025.0,SOUTH,Fashion,388.02,10.0,Retail,CUST1180
ORD100554,2024-03-25,2024.0,north,Home & Kitchen,4882.09,18.0,online,CUST1219
ORD100526,2024-04-21,2024.0,South,,4762.92,,online,CUST1277
ORD101310,2024-09-29,2024.0,north,electronics ,4589.83,15.0,Marketplace,CUST1272
ORD101100,2024-09-15,2024.0,South,Fashion,3183.39,4.0,,CUST1031
ORD100070,2025-10-07,2025.0,north,Electronics,511.39,4.0,online,CUST1078
ORD100251,2026-05-21,2026.0,SOUTH,Fashion,1396.18,7.0,Marketplace,CUST1299
ORD101314,2024-03-16,2024.0,north,Electronics,1693.78,6.0,Online,CUST1105
ORD101029,2026-03-11,2026.0,West,Electronics,2406.38,19.0,Marketplace,CUST1153
ORD101732,2025-12-12,2025.0,,Electronics,,8.0,online,CUST1212
ORD101563,2024-06-05,2024.0,East,Electronics,1470.35,9.0,Retail,CUST1225
ORD100324,2024-10-28,2024.0,SOUTH,Home & Kitchen,4223.22,11.0,,CUST1102
ORD100128,2025-06-22,2025.0,North,Grocery,265.5,12.0,Retail,CUST1182
ORD100196,2024-03-19,2024.0,,Grocery,2725.78,5.0,Online,CUST1177
ORD101832,2024-04-12,2024.0,,Electronics,2236.0,15.0,Marketplace,CUST1064
ORD101047,2024-12-13,2024.0,West,Electronics,1504.38,13.0,Online,
ORD101287,2024-06-22,2024.0,South,Grocery,,9.0,,CUST1096
ORD100438,2026-01-30,2026.0,South,Grocery,2475.22,15.0,Marketplace,CUST1021
ORD101324,2024-10-01,2024.0,East,,4456.51,1.0,Retail,CUST1132
,2025-05-06,2025.0,East,Home,3375.46,14.0,Marketplace,CUST1185
ORD100331,2026-03-05,2026.0,SOUTH,Electronics,910.29,13.0,Online,CUST1284
ORD101671,2024-03-18,2024.0,north,,N/A,15.0,,CUST1175
ORD100532,2026-02-25,2026.0,North,Home & Kitchen,2561.67,10.0,online,CUST1293
ORD101854,2024-10-14,2024.0,SOUTH,Home & Kitchen,3281.54,1.0,,CUST1256
ORD100471,2025-07-11,2025.0,SOUTH,Home & Kitchen,2458.82,15.0,Retail,CUST1227
ORD100135,2024-03-17,2024.0,SOUTH,Home & Kitchen,204.15,15.0,Online,CUST1120
ORD101460,2025-08-10,2025.0,West,electronics ,N/A,14.0,Marketplace,CUST1202
ORD101694,2025-03-21,2025.0,North,Grocery,2072.54,7.0,Retail,CUST1247
ORD101061,2024-07-19,2024.0,South,Home,3728.77,10.0,,CUST1115
ORD101235,2025-12-31,2025.0,North,Grocery,1471.65,16.0,online,CUST1206
,2024-08-30,2024.0,SOUTH,Home,1580.18,9.0,Marketplace,CUST1215
ORD101652,2025-10-15,2025.0,East,,2999.18,7.0,Retail,CUST1057
ORD101405,2025-06-29,2025.0,North,Home & Kitchen,3945.27,16.0,online,CUST1185
ORD101706,2025-04-24,2025.0,,Grocery,2946.75,12.0,Online,CUST1160
ORD101216,2024-07-06,2024.0,West,Grocery,4665.8,11.0,Marketplace,CUST1036
ORD101113,2024-02-15,2024.0,East,Grocery,3565.35,10.0,Marketplace,CUST1139
ORD100985,2026-01-10,2026.0,East,Electronics,4393.29,17.0,Online,CUST1137
ORD100530,2026-05-09,2026.0,South,Home,4969.18,15.0,Retail,CUST1105
ORD100256,2025-08-19,2025.0,North,Home,2244.99,11.0,Online,CUST1236
ORD100940,2025-10-12,2025.0,SOUTH,Home,,18.0,,CUST1091
ORD100916,2025-08-16,2025.0,East,Electronics,1327.13,9.0,online,CUST1089
ORD100544,2026-04-26,2026.0,SOUTH,Home & Kitchen,2695.38,5.0,Online,CUST1144
ORD101211,2025-04-20,2025.0,,electronics ,4600.67,16.0,,CUST1286
ORD101575,2026-04-13,2026.0,SOUTH,electronics ,1276.67,14.0,Online,CUST1162
,2024-10-30,2024.0,North,Fashion,4553.54,13.0,,CUST1227
ORD100411,2026-04-23,2026.0,,Fashion,1118.71,4.0,Marketplace,CUST1097
ORD101206,2024-11-23,2024.0,South,Home & Kitchen,2419.74,13.0,,CUST1277
ORD100099,2025-07-29,2025.0,,Home & Kitchen,2143.54,2.0,Retail,CUST1180
ORD101470,2024-02-29,2024.0,South,Home & Kitchen,4451.31,4.0,Online,CUST1216
ORD101223,2024-06-26,,SOUTH,Fashion,4311.43,15.0,Marketplace,CUST1041
ORD100637,2025-01-15,2025.0,North,,3929.77,10.0,Retail,CUST1250
ORD100988,2024-11-04,2024.0,West,Electronics,812.98,12.0,Online,CUST1176
ORD101063,2025-11-08,2025.0,SOUTH,,287.69,6.0,Online,CUST1017
ORD100552,2024-01-05,2024.0,north,,1863.99,15.0,Online,CUST1181
ORD101079,2024-04-16,2024.0,north,,3052.81,13.0,Online,CUST1050
ORD100519,2025-01-02,2025.0,West,Home & Kitchen,3531.36,19.0,Online,CUST1237
ORD101022,2024-09-20,2024.0,East,Home,1334.13,17.0,online,CUST1087
ORD100218,2024-05-23,2024.0,,Fashion,2448.81,13.0,,CUST1253
ORD101356,2025-08-09,2025.0,,Home,,14.0,Online,CUST1074
ORD101595,2025-10-30,2025.0,North,Home,913.85,17.0,Retail,CUST1117
ORD101106,2025-01-01,2025.0,,Home & Kitchen,4203.36,17.0,Online,CUST1164
ORD100382,2025-03-18,2025.0,SOUTH,Home,98.22,5.0,,CUST1161
ORD101319,2025-09-06,2025.0,north,,919.84,17.0,,CUST1160
ORD100203,2025-04-13,2025.0,East,,4030.18,11.0,online,CUST1069
ORD100706,2026-05-21,,north,Grocery,3220.93,19.0,Online,CUST1063
,2025-03-10,2025.0,North,Home & Kitchen,4367.86,2.0,Marketplace,CUST1103
ORD100678,2024-07-02,2024.0,SOUTH,Grocery,2926.87,19.0,Online,CUST1103
ORD101175,2026-04-03,2026.0,,electronics ,1528.12,7.0,,CUST1184
ORD101891,2026-01-22,2026.0,West,Home & Kitchen,3074.03,14.0,Online,CUST1126
ORD101657,2026-02-04,2026.0,South,,1642.74,6.0,Retail,CUST1271
ORD101767,2024-03-26,2024.0,East,,3412.98,6.0,online,CUST1001
ORD100237,2025-03-06,2025.0,,Electronics,,9.0,Marketplace,CUST1030
ORD100065,2024-03-23,2024.0,north,Fashion,,19.0,,CUST1137
ORD101828,2024-07-27,2024.0,North,electronics ,2007.84,8.0,Online,CUST1118
ORD100188,2026-01-10,2026.0,,Fashion,3615.55,18.0,Online,CUST1038
ORD100721,,2024.0,SOUTH,Grocery,3289.88,6.0,Marketplace,CUST1068
ORD101639,2024-07-05,2024.0,South,Electronics,1915.58,9.0,,CUST1195
ORD100029,2024-08-30,2024.0,West,Electronics,4626.21,14.0,Marketplace,CUST1055
ORD101244,2026-01-16,2026.0,South,,3320.05,9.0,Marketplace,CUST1100
,2026-03-20,2026.0,South,Fashion,,7.0,online,CUST1272
ORD100432,2026-01-17,2026.0,SOUTH,Home & Kitchen,N/A,10.0,,CUST1277
ORD100275,2024-07-23,2024.0,North,Grocery,1576.35,16.0,Retail,CUST1278
ORD101490,2024-01-13,2024.0,SOUTH,Home & Kitchen,392.16,15.0,online,CUST1263
ORD100231,,2025.0,,Electronics,2140.45,3.0,Marketplace,CUST1052
ORD101814,2024-10-25,2024.0,West,Home,1434.33,4.0,online,CUST1142
ORD100859,2025-01-07,2025.0,South,,389.76,10.0,,CUST1075
ORD101789,2025-12-14,2025.0,East,Electronics,4201.71,5.0,online,CUST1245
ORD100518,2024-02-04,2024.0,SOUTH,,2501.66,1.0,online,CUST1067
ORD100482,,2024.0,West,electronics ,2134.03,10.0,Retail,CUST1155
ORD100654,2026-04-27,2026.0,,Home & Kitchen,667.58,7.0,online,
ORD100925,2025-01-05,2025.0,East,Home & Kitchen,1190.23,8.0,,CUST1064
ORD101755,2024-06-02,2024.0,,Home & Kitchen,,11.0,Marketplace,CUST1210
,2026-01-01,2026.0,North,electronics ,4813.47,9.0,Retail,CUST1099
ORD101440,2025-02-07,2025.0,North,electronics ,734.2,1.0,Online,CUST1136
ORD100705,2024-06-24,2024.0,SOUTH,Home & Kitchen,4626.54,5.0,Retail,CUST1162
ORD100529,2024-08-20,2024.0,North,Home,2306.84,6.0,,CUST1089
ORD100936,2025-03-12,2025.0,East,Electronics,4599.96,14.0,online,CUST1070
ORD101531,2024-08-27,2024.0,North,Home & Kitchen,53.22,5.0,Marketplace,CUST1160
ORD101107,2025-06-23,2025.0,,electronics ,1448.68,7.0,Retail,CUST1218
